"main.id","hpq_cct_mem.id","cct_mem_refno"
"56011","0","3"
"56011","1","4"
"56011","2","5"
"56796","0","3"
"56796","1","4"
"56802","0","5"
"59167","0","1"
"59167","1","5"
"59176","0","1"
"59176","1","2"
"59176","2","6"
"59176","3","7"
"61412","0","4"
"61412","1","3"
"63381","0","12"
"63381","1","11"
"63381","2","14"
"63381","3","3"
"67513","0","1"
"68913","0","20"
"68919","0","2"
"68923","0","1"
"68923","1","2"
"68923","2","3"
"68923","3","4"
"68923","4","5"
"72080","0","2"
"72080","1","3"
"72080","2","4"
"72080","3","5"
"80325","0","4"
"80325","1","3"
"80325","2","2"
"80326","0","3"
"80326","1","4"
"80326","2","5"
"88727","0","2"
"88729","0","2"
"98316","0","5"
"98728","0","1"
"98751","0","2"
"98751","1","3"
"98751","2","4"
"99432","0","5"
"99432","1","6"
"99435","0","5"
"99435","1","6"
"99435","2","7"
"100899","0","8"
"100899","1","9"
"103323","0","5"
"103323","1","6"
"103323","2","7"
"103324","0","5"
"103324","1","6"
"103540","0","4"
"103540","1","5"
"104529","0","3"
"104529","1","4"
"104529","2","5"
"110210","0","2"
"110210","1","3"
"110231","0","2"
"110231","1","3"
"111943","0","5"
"113078","0","8"
"113078","1","7"
"113082","0","3"
"113083","0","5"
"113083","1","3"
"113094","0","1"
"113094","1","2"
"113097","0","6"
"113097","1","5"
"113097","2","4"
"113099","0","5"
"113110","0","4"
"113110","1","5"
"113110","2","6"
"115650","0","1"
"115650","1","4"
"116739","0","2"
"116739","1","5"
"116743","0","1"
"116743","1","3"
"116743","2","4"
"116743","3","5"
"120662","0","4"
"120662","1","3"
"120673","0","5"
"120673","1","4"
"120680","0","3"
"120680","1","4"
"120682","0","6"
"120682","1","7"
"120686","0","3"
"120686","1","4"
"120686","2","5"
"120692","0","4"
"120692","1","5"
"122406","0","1"
"122406","1","5"
"122406","2","4"
"122407","0","3"
"122407","1","4"
"122473","0","3"
"122473","1","4"
"122474","0","4"
"122474","1","5"
"122474","2","6"
"122489","0","13"
"122489","1","11"
"122492","0","2"
"123147","0","5"
"123147","1","6"
"123147","2","7"
"120586","0","2"
"120586","1","3"
"120586","2","4"
"120586","3","5"
"120593","0","1"
"120593","1","2"
"120593","2","3"
"120593","3","4"
"120593","4","5"
"120598","0","2"
"120598","1","4"
"120598","2","3"
"120598","3","4"
"126988","0","3"
"126988","1","4"
"126988","2","5"
"126992","0","3"
"126992","1","4"
"126997","0","3"
"126997","1","4"
"126997","2","5"
"120601","0","4"
"120601","1","2"
"120608","0","2"
"120608","1","3"
"120608","2","4"
"120608","3","5"
"120613","0","1"
"120613","1","2"
"120613","2","3"
"120613","3","4"
"120613","4","5"
"120613","5","6"
"120614","0","2"
"120614","1","3"
"120614","2","4"
"120615","0","1"
"120615","1","2"
"120616","0","1"
"120616","1","4"
"120616","2","3"
"120618","0","2"
"120618","1","3"
"120620","0","2"
"120620","1","6"
"120620","2","7"
"120620","3","9"
"120622","0","2"
"120622","1","3"
"120622","2","4"
"120623","0","1"
"120623","1","2"
"120623","2","3"
"120623","3","4"
"120624","0","2"
"120624","1","3"
"120624","2","5"
"120631","0","2"
"120631","1","4"
"120631","2","5"
"120631","3","6"
"120637","0","2"
"120637","1","4"
"120638","0","2"
"120638","1","1"
"120638","2","3"
"120640","0","2"
"120640","1","4"
"120641","0","2"
"120641","1","3"
"120641","2","4"
"120639","0","2"
"120639","1","3"
"120639","2","4"
"120639","3","5"
"120639","4","6"
"120647","0","2"
"120647","1","3"
"120647","2","4"
"120647","3","5"
"127055","0","2"
"127055","1","3"
"127055","2","4"
"127055","3","5"
"122703","0","2"
"122703","1","3"
"122703","2","4"
"122704","0","3"
"122704","1","2"
"122747","0","2"
"122747","1","5"
"122747","2","7"
"122747","3","6"
"122769","0","2"
"122769","1","5"
"122769","2","3"
"122769","3","4"
"122777","0","2"
"122777","1","5"
"122777","2","6"
"127124","0","2"
"127124","1","3"
"127124","2","4"
"127124","3","5"
"127129","0","1"
"127144","0","4"
"127144","1","2"
"128562","0","2"
"128562","1","5"
"128562","2","6"
"128562","3","7"
"128562","4","8"
"129094","0","8"
"129105","0","1"
"129108","0","1"
"129110","0","1"
"129111","0","1"
"129113","0","1"
"129119","0","1"
"129176","0","6"
"129562","0","2"
"129595","0","2"
"129596","0","2"
"129691","0","3"
"132152","0","1"
"132168","0","1"
"132173","0","3"
"133735","0","2"
"133735","1","5"
"133736","0","2"
"133736","1","5"
"133736","2","6"
"133740","0","2"
"133740","1","4"
"133740","2","5"
"133744","0","2"
"133744","1","3"
"133744","2","4"
"133745","0","2"
"133745","1","3"
"133745","2","4"
"133763","0","2"
"133763","1","3"
"133763","2","4"
"133765","0","2"
"133765","1","4"
"133765","2","5"
"133765","3","6"
"133766","0","5"
"133766","1","6"
"133766","2","7"
"133767","0","2"
"133767","1","4"
"133767","2","5"
"133767","3","6"
"133768","0","1"
"133768","1","6"
"133771","0","2"
"133771","1","3"
"133775","0","1"
"133775","1","3"
"133775","2","4"
"133776","0","1"
"133776","1","3"
"133776","2","4"
"136779","0","4"
"136779","1","5"
"136788","0","5"
"136788","1","2"
"136884","0","3"
"136884","1","1"
"136891","0","2"
"136891","1","6"
"136891","2","4"
"136891","3","7"
"136893","0","2"
"136893","1","3"
"136893","2","4"
"136893","3","5"
"136905","0","2"
"136905","1","3"
"136905","2","4"
"136906","0","1"
"136906","1","2"
"136906","2","3"
"136906","3","4"
"136906","4","5"
"136906","5","6"
"136906","6","7"
"136907","0","2"
"136907","1","3"
"136915","0","1"
"136915","1","2"
"136915","2","3"
"136915","3","4"
"136915","4","5"
"136916","0","2"
"136916","1","3"
"136916","2","4"
"136916","3","5"
"136916","4","6"
"136916","5","1"
"136917","0","1"
"136917","1","2"
"136917","2","3"
"136918","0","1"
"136918","1","2"
"136918","2","3"
"136919","0","1"
"136919","1","2"
"136919","2","3"
"136919","3","4"
"136919","4","5"
"136920","0","1"
"136920","1","2"
"136920","2","3"
"136920","3","4"
"136920","4","5"
"136923","0","1"
"136923","1","2"
"136923","2","3"
"136923","3","4"
"136942","0","3"
"136942","1","5"
"136942","2","6"
"137712","0","5"
"137712","1","6"
"137712","2","7"
"137716","0","2"
"137720","0","4"
"137720","1","5"
"137720","2","6"
"137722","0","4"
"137722","1","5"
"137722","2","6"
"137724","0","5"
"137724","1","6"
"140934","0","2"
"140934","1","3"
"140934","2","4"
"140934","3","5"
"140946","0","1"
"140946","1","2"
"140946","2","3"
"140948","0","1"
"140948","1","2"
"140948","2","3"
"140948","3","4"
"141369","0","1"
"142575","0","1"
"142575","1","3"
"142575","2","5"
"142578","0","5"
"142578","1","4"
"142603","0","1"
"142603","1","3"
"142603","2","4"
"142603","3","2"
"142605","0","2"
"142605","1","3"
"142605","2","4"
"142605","3","5"
"142605","4","1"
"143676","0","2"
"143677","0","3"
"143677","1","4"
"143679","0","4"
"143679","1","5"
"143681","0","2"
"143681","1","3"
"143681","2","4"
"143681","3","5"
"143688","0","5"
"143688","1","6"
"143691","0","1"
"143691","1","3"
"143691","2","4"
"143691","3","5"
"144015","0","3"
"144015","1","4"
"144015","2","5"
"144017","0","5"
"144017","1","6"
"144017","2","7"
"144017","3","8"
"144017","4","9"
"144963","0","4"
"144963","1","3"
"144963","2","1"
"145867","0","2"
"145867","1","3"
"145871","0","6"
"145871","1","7"
"145875","0","3"
"145875","1","4"
"145875","2","5"
"145891","0","3"
"145891","1","4"
"145891","2","5"
"145891","3","6"
"145891","4","7"
"145891","5","8"
"145891","6","9"
"145910","0","1"
"145910","1","5"
"145910","2","6"
"145910","3","7"
"145927","0","5"
"145927","1","3"
"146060","0","4"
"146060","1","3"
"146073","0","2"
"146075","0","3"
"146075","1","5"
"146075","2","6"
"146208","0","2"
"146208","1","3"
"146208","2","4"
"146211","0","2"
"146211","1","3"
"146971","0","4"
"150634","0","2"
"150634","1","5"
"151198","0","4"
"151198","1","3"
"152335","0","7"
"152335","1","8"
"152335","2","9"
"152339","0","6"
"152339","1","7"
"152339","2","8"
"153486","0","2"
"153486","1","3"
"153486","2","4"
"153486","3","5"
"153486","4","7"
"153493","0","2"
"153493","1","18"
"153493","2","19"
"153493","3","21"
"153493","4","20"
"153532","0","3"
"153532","1","4"
"153532","2","5"
"153532","3","6"
"153534","0","2"
"153534","1","3"
"153540","0","3"
"153540","1","4"
"153540","2","5"
"153540","3","6"
"153553","0","1"
"153553","1","5"
"153553","2","6"
"153569","0","1"
"153569","1","3"
"153569","2","4"
"153569","3","5"
"153570","0","1"
"153570","1","7"
"153570","2","8"
"155187","0","1"
"155187","1","4"
"155187","2","5"
"155187","3","6"
"160443","0","3"
"160443","1","4"
"160443","2","5"
"160455","0","5"
"160455","1","6"
"160458","0","4"
"160458","1","5"
"160563","0","1"
"162229","0","5"
"162229","1","6"
"162229","2","7"
"162250","0","4"
"162250","1","3"
"162259","0","7"
"162259","1","8"
"162464","0","2"
"162464","1","3"
"162464","2","4"
"163866","0","7"
"163866","1","8"
"163866","2","9"
"163866","3","10"
"163866","4","11"
"164816","0","2"
"164816","1","4"
"164816","2","5"
"164819","0","2"
"164819","1","4"
"164819","2","5"
"164819","3","6"
"170278","0","1"
"170278","1","2"
"170278","2","3"
"171901","0","2"
"171901","1","3"
"171901","2","4"
"171902","0","1"
"171937","0","1"
"171943","0","1"
"171947","0","5"
"171947","1","6"
"171947","2","7"
"171954","0","2"
"171954","1","3"
"171954","2","4"
"171965","0","1"
"171965","1","14"
"171965","2","15"
"172595","0","2"
"175270","0","2"
"175298","0","1"
"176838","0","1"
"176854","0","2"
"176861","0","2"
"176920","0","1"
"176938","0","2"
"176941","0","1"
"176944","0","2"
"176982","0","1"
"177523","0","2"
"177523","1","4"
"177523","2","5"
"177523","3","6"
"177526","0","2"
"177526","1","3"
"177526","2","4"
"177526","3","5"
"178818","0","2"
"178818","1","3"
"178823","0","5"
"178823","1","4"
"178823","2","4"
"178823","3","3"
"178823","4","6"
"178827","0","4"
"178827","1","5"
"178827","2","6"
"178827","3","3"
"178834","0","4"
"178834","1","5"
"178834","2","3"
"178840","0","4"
"178840","1","5"
"178840","2","6"
"178840","3","3"
"178841","0","3"
"178841","1","4"
"178842","0","4"
"178842","1","3"
"178845","0","5"
"178845","1","3"
"178845","2","4"
"178850","0","4"
"178850","1","3"
"178864","0","4"
"178864","1","3"
"178866","0","3"
"178866","1","4"
"178877","0","5"
"178877","1","4"
"178877","2","3"
"179448","0","2"
"179448","1","3"
"179450","0","4"
"179451","0","5"
"179456","0","4"
"179456","1","9"
"179557","0","4"
"179557","1","5"
"179576","0","3"
"179576","1","4"
"179576","2","5"
"179576","3","6"
"182900","0","5"
"182900","1","7"
"182900","2","8"
"182915","0","6"
"182915","1","7"
"182916","0","3"
"182916","1","4"
"182939","0","3"
"182939","1","4"
"182939","2","5"
"183774","0","2"
"183774","1","3"
"183774","2","4"
"183778","0","2"
"183778","1","3"
"184585","0","2"
"184587","0","3"
"184587","1","4"
"184594","0","3"
"184594","1","4"
"190389","0","3"
"190389","1","4"
"190389","2","5"
"190389","3","6"
"190390","0","3"
"190390","1","4"
"190390","2","5"
"191155","0","3"
"191155","1","4"
"192793","0","2"
"192793","1","3"
"192795","0","1"
"192795","1","3"
"192795","2","4"
"192795","3","5"
"192797","0","2"
"192797","1","3"
"192798","0","2"
"192798","1","3"
"192798","2","4"
"192798","3","5"
"192798","4","6"
"192805","0","2"
"192805","1","4"
"192805","2","5"
"192807","0","1"
"192807","1","2"
"192807","2","3"
"192807","3","4"
"192816","0","2"
"192816","1","3"
"192816","2","4"
"192816","3","5"
"192819","0","2"
"192819","1","6"
"192835","0","1"
"192835","1","3"
"192835","2","4"
"192835","3","5"
"192837","0","1"
"192837","1","3"
"192837","2","4"
"192839","0","1"
"192839","1","9"
"192839","2","10"
"192842","0","1"
"192842","1","2"
"192842","2","3"
"192845","0","2"
"192845","1","5"
"192845","2","6"
"192865","0","2"
"192865","1","3"
"192865","2","4"
"192865","3","5"
"192870","0","1"
"192870","1","3"
"192870","2","5"
"203985","0","9"
"203985","1","8"
"203985","2","5"
"203985","3","4"
"203988","0","5"
"203988","1","4"
"204011","0","3"
"204011","1","4"
"204012","0","6"
"204012","1","5"
"204019","0","4"
"204019","1","5"
"204024","0","3"
"204024","1","4"
"204025","0","7"
"204025","1","8"
"204033","0","4"
"204033","1","5"
"204035","0","6"
"204049","0","5"
"204049","1","4"
"204061","0","4"
"204061","1","5"
"204063","0","4"
"204063","1","5"
"204068","0","6"
"204068","1","7"
"204068","2","8"
"204068","3","9"
"204070","0","4"
"204070","1","3"
"204075","0","4"
"204075","1","5"
"204076","0","5"
"204076","1","6"
"204712","0","6"
"204712","1","4"
"204714","0","2"
"204714","1","6"
"204714","2","7"
"204731","0","2"
"204731","1","3"
"204731","2","4"
"204731","3","5"
"204734","0","4"
"204734","1","3"
"204741","0","4"
"204741","1","5"
"204917","0","5"
"204934","0","5"
"204937","0","5"
"204937","1","6"
"207934","0","5"
"207934","1","6"
"207934","2","4"
"204720","0","9"
"208269","0","22"
"208269","1","24"
"208269","2","1"
"208270","0","2"
"208270","1","5"
"208272","0","1"
"208272","1","4"
"208272","2","5"
"208272","3","6"
"208272","4","7"
"208273","0","3"
"208273","1","5"
"208273","2","6"
"208276","0","1"
"208276","1","9"
"208276","2","10"
"208276","3","11"
"208276","4","12"
"215310","0","9"
"215310","1","22"
"215310","2","23"
"215310","3","24"
"215313","0","21"
"215313","1","22"
"215313","2","23"
"215319","0","1"
"215319","1","11"
"215319","2","8"
"215319","3","9"
"215528","0","2"
"215528","1","4"
"215528","2","5"
"215528","3","6"
"220520","0","2"
"220520","1","3"
"224649","0","1"
"224649","1","4"
"224649","2","5"
"224649","3","6"
"224649","4","7"
"224650","0","1"
"224650","1","3"
"224650","2","4"
"224659","0","1"
"224659","1","4"
"224659","2","6"
"224661","0","1"
"224661","1","3"
"224661","2","4"
"224664","0","1"
"224664","1","3"
"224664","2","7"
"224666","0","2"
"224666","1","3"
"224666","2","4"
"224666","3","5"
"224672","0","2"
"224672","1","3"
"224672","2","4"
"224672","3","5"
"224672","4","6"
"224672","5","7"
"224674","0","1"
"224674","1","4"
"224674","2","6"
"224679","0","2"
"224679","1","4"
"224703","0","2"
"224703","1","3"
"224703","2","4"
"224724","0","4"
"224724","1","5"
"224724","2","2"
"224724","3","1"
"224729","0","2"
"224729","1","3"
"224732","0","2"
"224732","1","6"
"224732","2","7"
"224732","3","8"
"224749","0","1"
"224749","1","2"
"224749","2","5"
"224749","3","4"
"224749","4","3"
"224763","0","2"
"224763","1","5"
"224763","2","6"
"224763","3","7"
"224765","0","2"
"224765","1","5"
"224765","2","6"
"224765","3","7"
"225461","0","11"
"222300","0","8"
"222300","1","9"
"222321","0","16"
"222321","1","17"
"222301","0","1"
"222302","0","7"
"222302","1","8"
"222302","2","9"
"224238","0","10"
"224238","1","11"
"224239","0","1"
"222322","0","11"
"222322","1","12"
"222322","2","13"
"222313","0","14"
"222313","1","15"
"222325","0","6"
"222325","1","7"
"222325","2","8"
"225625","0","3"
"225625","1","4"
"225625","2","5"
"225625","3","6"
"225625","4","7"
"225625","5","8"
"226024","0","2"
"226024","1","4"
"226024","2","5"
"226024","3","6"
"226028","0","3"
"226028","1","4"
"226028","2","5"
"226028","3","1"
"226048","0","2"
"226048","1","3"
"226048","2","4"
"233536","0","1"
"233536","1","2"
"233536","2","3"
"233542","0","2"
"233542","1","3"
"233542","2","4"
"233591","0","2"
"233591","1","3"
"233591","2","4"
"233621","0","2"
"233621","1","3"
"233621","2","4"
"233621","3","5"
"233621","4","6"
"233624","0","2"
"233624","1","4"
"233624","2","5"
"233627","0","2"
"233627","1","4"
"234234","0","3"
"234235","0","3"
"234235","1","4"
"234235","2","5"
"234238","0","3"
"234242","0","5"
"235909","0","2"
"235909","1","4"
"235909","2","5"
"235909","3","6"
"235919","0","2"
"235919","1","3"
"235925","0","2"
"235925","1","3"
"235925","2","4"
"235925","3","5"
"235925","4","6"
"235930","0","2"
"235930","1","5"
"235930","2","6"
"235930","3","7"
"235930","4","8"
"235971","0","2"
"235971","1","3"
"235971","2","4"
"235989","0","1"
"235989","1","3"
"235989","2","4"
"236019","0","2"
"236019","1","4"
"236019","2","5"
"236037","0","1"
"236037","1","5"
"236043","0","2"
"236043","1","5"
"236061","0","2"
"236061","1","5"
"236061","2","6"
"236067","0","2"
"236067","1","3"
"236067","2","4"
"236069","0","2"
"236069","1","3"
"236075","0","2"
"236075","1","3"
"236075","2","4"
"236075","3","5"
"236075","4","6"
"236078","0","2"
"236078","1","3"
"236078","2","4"
"236095","0","2"
"236095","1","3"
"236095","2","4"
"236095","3","5"
"236334","0","13"
"236334","1","14"
"236353","0","11"
"236353","1","12"
"236359","0","10"
"236359","1","11"
"236429","0","7"
"236429","1","9"
"236444","0","3"
"236450","0","4"
"236450","1","5"
"236452","0","6"
"236452","1","7"
"236452","2","8"
"236454","0","3"
"236454","1","4"
"236458","0","3"
"236458","1","4"
"236458","2","5"
"240048","0","3"
"240048","1","4"
"240048","2","5"
"240049","0","4"
"240050","0","4"
"240374","0","3"
"240374","1","4"
"240376","0","9"
"240376","1","10"
"240376","2","11"
"240380","0","6"
"240380","1","7"
"240380","2","8"
"240381","0","3"
"240381","1","5"
"240381","2","4"
"240382","0","2"
"240382","1","6"
"240382","2","7"
"240383","0","8"
"240388","0","2"
"240388","1","3"
"240388","2","4"
"240391","0","2"
"240391","1","3"
"240394","0","2"
"240394","1","5"
"240394","2","6"
"244078","0","2"
"244078","1","3"
"244084","0","2"
"244084","1","4"
"244084","2","6"
"244084","3","7"
"244089","0","1"
"244089","1","3"
"244089","2","4"
"244097","0","2"
"244097","1","3"
"244097","2","4"
"244097","3","5"
"244743","0","7"
"244743","1","8"
"246610","0","1"
"246610","1","5"
"246615","0","2"
"246615","1","5"
"246615","2","6"
"246615","3","8"
"253146","0","2"
"253146","1","4"
"253146","2","5"
"253146","3","6"
"253154","0","1"
"253154","1","2"
"253154","2","3"
"253154","3","4"
"253154","4","5"
"253157","0","2"
"253157","1","3"
"253158","0","1"
"253158","1","2"
"253158","2","3"
"253294","0","2"
"253294","1","4"
"253294","2","5"
"253294","3","6"
"254222","0","3"
"254222","1","1"
"254222","2","8"
"254222","3","9"
"254225","0","6"
"254225","1","5"
"254225","2","4"
"254263","0","1406110351558"
"254267","0","1406110351571"
"254534","0","3"
"254534","1","4"
"254534","2","5"
"255408","0","5"
"255408","1","6"
"255408","2","7"
"255410","0","8"
"255412","0","5"
"255475","0","2"
"255475","1","7"
"255574","0","6"
"255574","1","7"
"255574","2","8"
"255576","0","4"
"255576","1","5"
"255576","2","3"
"255576","3","1"
"255585","0","5"
"255586","0","6"
"255586","1","7"
"255586","2","3"
"255586","3","1"
"255598","0","7"
"255598","1","3"
"255598","2","1"
"255640","0","3"
"255640","1","6"
"255640","2","1"
"255661","0","4"
"255661","1","6"
"255661","2","5"
"255891","0","1"
"255891","1","5"
"255893","0","5"
"255893","1","6"
"255893","2","7"
"255913","0","6"
"255917","0","4"
"255917","1","5"
"255917","2","3"
"255917","3","1"
"255918","0","11"
"256777","0","9"
"257102","0","2"
"257102","1","4"
"257102","2","5"
"257102","3","6"
"257109","0","2"
"257109","1","4"
"257109","2","5"
"261653","0","11"
"261653","1","12"
"261653","2","13"
"262078","0","2"
"263036","0","2"
"263052","0","3"
"263076","0","3"
"263076","1","2"
"263942","0","2"
"263943","0","2"
"264474","0","6"
"268298","0","2"
"268298","1","3"
"268298","2","4"
"268298","3","5"
"268301","0","1"
"268301","1","4"
"268303","0","2"
"268303","1","3"
"268303","2","4"
"268303","3","5"
"268363","0","3"
"268363","1","2"
"268371","0","4"
"268371","1","5"
"268374","0","6"
"268374","1","7"
"268376","0","8"
"270445","0","7"
"270445","1","8"
"270445","2","9"
"270445","3","10"
"270454","0","5"
"278027","0","2"
"278027","1","3"
"278027","2","4"
"278035","0","2"
"278035","1","4"
"278035","2","5"
"278035","3","6"
"278374","0","2"
"278374","1","6"
"278374","2","7"
"278374","3","8"
"278400","0","1"
"278400","1","3"
"278400","2","4"
"278406","0","2"
"278406","1","5"
"278406","2","6"
"278411","0","2"
"278411","1","4"
"278411","2","5"
"278411","3","6"
"278414","0","2"
"278414","1","4"
"278414","2","5"
"278414","3","6"
"278424","0","2"
"278424","1","3"
"278424","2","4"
"278434","0","2"
"278434","1","4"
"278451","0","2"
"278451","1","3"
"278451","2","5"
"278453","0","2"
"278453","1","6"
"278453","2","7"
"278453","3","8"
"278458","0","2"
"278458","1","3"
"278458","2","4"
"278458","3","5"
"278462","0","2"
"278462","1","5"
"278462","2","6"
"278462","3","7"
"278464","0","1"
"278464","1","6"
"278464","2","7"
"278464","3","8"
"278466","0","3"
"278466","1","2"
"278466","2","4"
"278466","3","5"
"278475","0","2"
"278475","1","3"
"278475","2","4"
"278477","0","2"
"278477","1","3"
"278477","2","4"
"278477","3","5"
"278479","0","1"
"278479","1","3"
"278479","2","4"
"278486","0","2"
"278486","1","3"
"278486","2","4"
"278502","0","2"
"278502","1","3"
"278502","2","4"
"278502","3","5"
"278514","0","2"
"278514","1","3"
"278514","2","4"
"278514","3","5"
"278520","0","2"
"278520","1","4"
"278520","2","5"
"278520","3","6"
"278525","0","2"
"278525","1","3"
"278525","2","4"
"278525","3","5"
"278526","0","2"
"278526","1","3"
"278526","2","4"
"278530","0","2"
"278530","1","3"
"278530","2","4"
"278542","0","2"
"278542","1","3"
"278542","2","4"
"278542","3","5"
"278545","0","2"
"278545","1","3"
"278545","2","4"
"278545","3","5"
"280277","0","1"
"280277","1","8"
"280277","2","9"
"280277","3","10"
"280277","4","11"
"280277","5","12"
"280687","0","2"
"280687","1","5"
"280687","2","6"
"280687","3","7"
"280687","4","8"
"280725","0","2"
"280725","1","3"
"280725","2","4"
"280725","3","5"
"280733","0","1"
"289303","0","10"
"291632","0","4"
"291650","0","6"
"291650","1","5"
"291653","0","5"
"291661","0","5"
"291661","1","6"
"291671","0","6"
"291671","1","4"
"291691","0","5"
"291691","1","4"
"291695","0","4"
"291695","1","5"
"291695","2","6"
"293518","0","2"
"293518","1","3"
"293518","2","4"
"293518","3","5"
"293612","0","2"
"293612","1","3"
"293612","2","4"
"293612","3","5"
"293643","0","2"
"293643","1","3"
"293643","2","4"
"293643","3","5"
"294775","0","5"
"294775","1","6"
"294779","0","3"
"294779","1","4"
"294780","0","6"
"294780","1","7"
"294780","2","8"
"298906","0","2"
"298906","1","4"
"298906","2","5"
"298907","0","2"
"298907","1","3"
"298907","2","5"
"298907","3","6"
"300874","0","3"
"300874","1","4"
"300874","2","5"
"300905","0","3"
"300905","1","4"
"300905","2","5"
"300908","0","3"
"300908","1","4"
"300908","2","5"
"300915","0","4"
"301479","0","2"
"301479","1","3"
"301479","2","4"
"301479","3","6"
"301483","0","2"
"301483","1","5"
"301483","2","6"
"307760","0","4"
"307760","1","6"
"307760","2","6"
"307763","0","6"
"307763","1","7"
"307768","0","3"
"307768","1","4"
"307768","2","4"
"314046","0","3"
"314046","1","4"
"314046","2","5"
"314046","3","6"
"316979","0","1"
"316979","1","3"
"316991","0","1"
"316991","1","5"
"316991","2","4"
"316994","0","2"
"316994","1","3"
"316994","2","4"
"316994","3","5"
"317009","0","1"
"317009","1","5"
"317009","2","4"
"318851","0","2"
"318851","1","3"
"318851","2","4"
"318851","3","5"
"322109","0","2"
"322109","1","3"
"322138","0","2"
"322138","1","3"
"322138","2","4"
"322138","3","5"
"323444","0","2"
"323444","1","5"
"323444","2","6"
"323444","3","8"
"326092","0","2"
"326092","1","3"
"326092","2","4"
"326096","0","2"
"326096","1","6"
"327671","0","1"
"327671","1","6"
"327676","0","6"
"327676","1","7"
"327676","2","8"
"327684","0","9"
"327684","1","22"
"327684","2","23"
"327728","0","2"
"327728","1","3"
"327728","2","4"
"327750","0","2"
"327750","1","8"
"327750","2","9"
"327750","3","10"
"329775","0","16"
"329775","1","17"
"329775","2","18"
"333119","0","2"
"333119","1","4"
"333119","2","5"
"333119","3","6"
"333119","4","7"
"333125","0","1"
"333125","1","2"
"333125","2","3"
"333126","0","1"
"333868","0","14"
"333868","1","15"
"333868","2","16"
"337277","0","1"
"337277","1","4"
"337277","2","5"
"337282","0","1"
"337282","1","6"
"337570","0","1"
"337570","1","5"
"337601","0","3"
"337601","1","5"
"337656","0","1"
"337690","0","1"
"337690","1","4"
"337690","2","5"
"337716","0","1"
"337716","1","3"
"337716","2","4"
"337716","3","5"
"340029","0","2"
"340029","1","4"
"340029","2","5"
"351036","0","2"
"351036","1","7"
"351040","0","5"
"351040","1","6"
"351045","0","6"
"351052","0","2"
"351052","1","5"
"351052","2","6"
"356991","0","10"
"356997","0","3"
"356997","1","4"
"356997","2","5"
"356999","0","5"
"356999","1","6"
"356999","2","7"
"357000","0","7"
"357000","1","8"
"357000","2","9"
"357001","0","5"
"357001","1","6"
"357001","2","7"
"357005","0","6"
"357005","1","7"
"357022","0","2"
"357022","1","3"
"357022","2","4"
"357022","3","5"
"357022","4","6"
"358581","0","2"
"358581","1","3"
"358581","2","4"
"358581","3","5"
"358736","0","2"
"358736","1","3"
"358736","2","4"
"358736","3","5"
"358772","0","1"
"358772","1","2"
"367446","0","2"
"367446","1","5"
"367446","2","6"
"367446","3","6"
"372990","0","2"
"372990","1","3"
"373029","0","1"
"373029","1","2"
"376970","0","1"
"376970","1","4"
"376970","2","5"
"377062","0","1"
"377062","1","2"
"377062","2","3"
"383948","0","6"
"383948","1","7"
"383948","2","8"
"383949","0","8"
"383949","1","9"
"383949","2","10"
"383960","0","11"
"383960","1","12"
"383960","2","13"
"383962","0","5"
"383962","1","6"
"388851","0","12"
"388851","1","13"
"388851","2","14"
"388851","3","15"
"390695","0","11"
"390704","0","11"
"390704","1","12"
"390704","2","13"
"390707","0","5"
"390707","1","6"
"390707","2","7"
"395143","0","3"
"395143","1","2"
"395144","0","6"
"395144","1","7"
"395158","0","3"
"395158","1","5"
"395158","2","4"
"395160","0","3"
"395160","1","4"
"397038","0","3"
"397038","1","4"
"397046","0","9"
"397046","1","10"
"397112","0","9"
"397122","0","2"
"397122","1","7"
"397122","2","8"
"397127","0","7"
"398854","0","2"
"398854","1","5"
"398854","2","6"
"398854","3","6"
"398905","0","2"
"398905","1","5"
"398905","2","6"
"398905","3","6"
"398930","0","4"
"398930","1","5"
"398930","2","6"
"398930","3","15"
"398934","0","5"
"398966","0","4"
"399029","0","3"
"399029","1","4"
"399033","0","4"
"399042","0","3"
"399042","1","4"
"399057","0","4"
"400857","0","5"
"400862","0","10"
"400862","1","11"
"400862","2","12"
"400862","3","13"
"400865","0","12"
"400865","1","11"
"400866","0","12"
"400866","1","13"
"401375","0","3"
"401375","1","4"
"401379","0","5"
"401379","1","6"
"401379","2","4"
"401384","0","4"
"401384","1","5"
"401384","2","6"
"401384","3","7"
"401396","0","3"
"401396","1","4"
"401396","2","5"
"401407","0","3"
"401407","1","4"
"401476","0","12"
"401476","1","13"
"403142","0","2"
"403142","1","3"
"403142","2","4"
"403142","3","5"
"403147","0","2"
"403147","1","3"
"403147","2","4"
"403147","3","5"
"403683","0","2"
"403683","1","3"
"403683","2","4"
"403683","3","5"
"403819","0","3"
"403819","1","4"
"403822","0","4"
"403835","0","3"
"403835","1","4"
"403835","2","5"
"403846","0","3"
"403846","1","4"
"403846","2","5"
"403863","0","6"
"406745","0","3"
"406745","1","4"
"406764","0","4"
"406764","1","5"
"406767","0","3"
"416924","0","4"
"416924","1","3"
"428992","0","2"
"428992","1","3"
"428992","2","4"
"428992","3","5"
"429089","0","3"
"429182","0","1"
"429182","1","3"
"429182","2","4"
"429495","0","2"
"429495","1","5"
"429495","2","6"
"429621","0","5"
"429621","1","6"
"429632","0","3"
"429632","1","4"
"429685","0","7"
"432633","0","6"
"432633","1","7"
"432633","2","8"
"434223","0","3"
"434223","1","4"
"434223","2","2"
"434249","0","4"
"434249","1","5"
"434249","2","6"
"436369","0","2"
"436372","0","1"
"436373","0","2"
"442679","0","1"
"442679","1","7"
"442679","2","8"
"442679","3","6"
"442682","0","2"
"442682","1","5"
"442682","2","6"
"442682","3","7"
"442698","0","5"
"442698","1","1"
"442698","2","6"
"442726","0","3"
"442726","1","4"
"442781","0","2"
"442783","0","3"
"442783","1","4"
"442790","0","1"
"442791","0","3"
"442791","1","4"
"442812","0","5"
"442812","1","6"
"442814","0","5"
"443651","0","2"
"443651","1","3"
"443651","2","4"
"443651","3","5"
"443666","0","2"
"443666","1","5"
"443666","2","6"
"443666","3","7"
"443666","4","8"
"444820","0","2"
"444820","1","4"
"444820","2","5"
"444821","0","2"
"444821","1","3"
"444821","2","4"
"444829","0","2"
"444829","1","5"
"444829","2","6"
"444829","3","7"
"444833","0","2"
"444833","1","3"
"444833","2","4"
"444833","3","5"
"444843","0","2"
"444843","1","5"
"444843","2","6"
"444843","3","7"
"444846","0","2"
"444846","1","6"
"444846","2","7"
"457703","0","2"
"457703","1","4"
"457703","2","5"
"457703","3","3"
"457706","0","2"
"457706","1","5"
"457706","2","6"
"457706","3","7"
"457714","0","1"
"457714","1","3"
"457714","2","4"
"458570","0","3"
"458570","1","4"
"458570","2","5"
"458575","0","1"
"458575","1","3"
"458575","2","4"
"460927","0","3"
"460927","1","4"
"460927","2","5"
"460930","0","4"
"460938","0","5"
"460938","1","7"
"460938","2","6"
"460939","0","9"
"461968","0","8"
"465698","0","2"
"465698","1","3"
"465698","2","4"
"465701","0","2"
"465701","1","3"
"465701","2","4"
"465701","3","5"
"465701","4","6"
"465711","0","4"
"465711","1","5"
"465711","2","6"
"465720","0","2"
"465720","1","5"
"465723","0","1"
"465723","1","4"
"465724","0","1"
"465724","1","2"
"465724","2","3"
"465724","3","4"
"465725","0","3"
"465725","1","4"
"465732","0","1"
"465732","1","2"
"465732","2","3"
"465732","3","4"
"465779","0","2"
"465779","1","4"
"465781","0","2"
"465781","1","5"
"467848","0","2"
"467848","1","3"
"467848","2","4"
"467864","0","2"
"467864","1","3"
"467864","2","4"
"467864","3","5"
"467864","4","6"
"467864","5","7"
"467885","0","8"
"467885","1","7"
"467885","2","6"
"467885","3","5"
"467917","0","3"
"467917","1","4"
"467917","2","5"
"467918","0","2"
"467922","0","5"
"467922","1","4"
"467922","2","3"
"467928","0","6"
"467928","1","3"
"467928","2","4"
"467928","3","5"
"467929","0","3"
"467931","0","5"
"467931","1","4"
"467948","0","5"
"467948","1","4"
"467948","2","6"
"467948","3","7"
"467948","4","8"
"467948","5","9"
"468013","0","15"
"468013","1","14"
"468013","2","13"
"468013","3","12"
"468017","0","3"
"468017","1","4"
"468017","2","5"
"468017","3","6"
"468017","4","7"
"468017","5","8"
"468022","0","4"
"468022","1","7"
"468022","2","6"
"468022","3","5"
"468024","0","1"
"468024","1","2"
"468024","2","3"
"468025","0","3"
"468025","1","4"
"468025","2","5"
"468025","3","6"
"468036","0","3"
"468036","1","4"
"468036","2","5"
"468036","3","6"
"468036","4","7"
"468047","0","3"
"468047","1","2"
"468047","2","4"
"468047","3","5"
"468047","4","6"
"468047","5","7"
"468047","6","8"
"468048","0","3"
"468048","1","4"
"468048","2","5"
"468081","0","3"
"468081","1","4"
"468100","0","5"
"468100","1","4"
"468104","0","12"
"468104","1","13"
"468104","2","14"
"468104","3","15"
"468104","4","16"
"468679","0","6"
"468681","0","3"
"468681","1","4"
"468687","0","3"
"468687","1","4"
"468687","2","5"
"468698","0","1"
"468698","1","6"
"477291","0","2"
"477291","1","6"
"477291","2","7"
"483922","0","1"
"483922","1","2"
"483922","2","3"
"483922","3","4"
"483922","4","5"
"487084","0","2"
"487084","1","3"
"487084","2","4"
"487084","3","5"
"487105","0","2"
"487105","1","3"
"487105","2","4"
"487105","3","5"
"487105","4","6"
"441964","0","2"
"441964","1","3"
"441964","2","4"
"441964","3","5"
"462754","0","1"
"468737","0","2"
"468737","1","3"
"468737","2","4"
"489432","0","2"
"489432","1","3"
"489432","2","4"
"489433","0","2"
"489433","1","3"
"489433","2","4"
"489434","0","1"
"489434","1","2"
"489434","2","3"
"489434","3","4"
"489434","4","5"
"489435","0","1"
"489435","1","3"
"489435","2","4"
"489435","3","5"
"495122","0","4"
"495122","1","5"
"495122","2","3"
"495144","0","3"
"495144","1","4"
"495144","2","5"
"497790","0","3"
"497790","1","4"
"497790","2","5"
"497898","0","3"
"497898","1","4"
"497898","2","5"
"498910","0","2"
"498910","1","3"
"499033","0","2"
"499033","1","3"
"499033","2","4"
"499033","3","5"
"499035","0","3"
"499035","1","4"
"499035","2","5"
"499035","3","6"
"499035","4","7"
"499876","0","4"
"499876","1","5"
"499876","2","7"
"500138","0","3"
"500138","1","4"
"500138","2","5"
"500177","0","3"
"500177","1","4"
"500177","2","5"
"500190","0","5"
"500196","0","3"
"500196","1","4"
"410128","0","1"
"410128","1","2"
"410128","2","3"
"410128","3","4"
"410128","4","5"
"410128","5","6"
"410128","6","7"
"500766","0","1"
"500766","1","3"
"500766","2","4"
"500814","0","2"
"500814","1","4"
"500835","0","2"
"500835","1","5"
"500835","2","6"
"500838","0","1"
"500838","1","4"
"500838","2","5"
"500838","3","6"
"500854","0","2"
"500854","1","3"
"500862","0","1"
"500862","1","2"
"500867","0","1"
"500867","1","2"
"500867","2","3"
"500867","3","4"
"500893","0","2"
"500893","1","3"
"500893","2","4"
"500967","0","3"
"500968","0","1"
"500968","1","2"
"500968","2","3"
"500973","0","2"
"500973","1","4"
"500973","2","5"
"501004","0","2"
"501004","1","7"
"501004","2","8"
"501012","0","2"
"501012","1","3"
"501012","2","4"
"501012","3","5"
"501013","0","2"
"501013","1","4"
"501039","0","2"
"501039","1","4"
"501039","2","5"
"501102","0","2"
"501102","1","3"
"501102","2","5"
"501102","3","6"
"501108","0","2"
"501108","1","7"
"501125","0","2"
"501125","1","4"
"501125","2","5"
"501128","0","2"
"501128","1","3"
"501128","2","4"
"501129","0","2"
"501129","1","3"
"501129","2","4"
"501129","3","5"
"501227","0","2"
"501227","1","3"
"501227","2","4"
"501227","3","5"
"501280","0","2"
"501280","1","6"
"502279","0","1415426587704"
"502279","1","1415426587705"
"502279","2","1415426587707"
"502288","0","1415426587710"
"502288","1","1415426587711"
"502288","2","1415426587713"
"502301","0","1"
"502301","1","7"
"502301","2","6"
"502301","3","10"
"502302","0","2"
"502302","1","3"
"502302","2","4"
"502302","3","5"
"502303","0","1"
"502303","1","2"
"502303","2","3"
"504014","0","1415426587719"
"504014","1","1415426587718"
"504014","2","1415426587720"
"410084","0","2"
"410084","1","3"
"410084","2","4"
"410084","3","5"
"410084","4","6"
"505810","0","2"
"505810","1","3"
"505810","2","4"
"505810","3","5"
"506153","0","3"
"506153","1","4"
"506160","0","4"
"508063","0","2"
"508063","1","4"
"508063","2","7"
"508067","0","1"
"508067","1","4"
"508067","2","5"
"508067","3","6"
"508101","0","2"
"508101","1","3"
"508101","2","4"
"508101","3","5"
"508154","0","2"
"508154","1","3"
"508676","0","2"
"508676","1","3"
"508676","2","4"
"508676","3","5"
"508676","4","6"
"508897","0","2"
"508902","0","2"
"508902","1","3"
"508902","2","4"
"508902","3","5"
"508902","4","6"
"508902","5","7"
"508902","6","8"
"512265","0","1"
"512265","1","4"
"512265","2","5"
"512265","3","6"
"513785","0","2"
"513785","1","4"
"516791","0","1"
"516791","1","3"
"517569","0","1"
"517569","1","3"
"517569","2","4"
"517586","0","2"
"517586","1","3"
"517586","2","4"
"517586","3","5"
"517590","0","2"
"517590","1","5"
"324959","0","16"
"324959","1","17"
"352055","0","6"
"377870","0","4"
"377870","1","5"
"377887","0","3"
"377887","1","4"
"377887","2","5"
"442445","0","3"
"442445","1","4"
"521161","0","1"
"521161","1","4"
"523432","0","2"
"523432","1","3"
"523432","2","4"
"523432","3","5"
"523432","4","6"
"523690","0","2"
"523690","1","6"
"523696","0","1"
"523696","1","2"
"524097","0","2"
"524097","1","6"
"524097","2","7"
"524097","3","8"
"524114","0","2"
"524114","1","5"
"524114","2","7"
"524114","3","8"
"524353","0","2"
"524353","1","7"
"528539","0","3"
"528539","1","4"
"528542","0","2"
"528542","1","5"
"528542","2","6"
"528542","3","7"
"528542","4","9"
"528555","0","2"
"528555","1","4"
"528555","2","5"
"528564","0","2"
"528564","1","3"
"528564","2","4"
"528564","3","5"
"530628","0","2"
"530628","1","3"
"530628","2","4"
"530630","0","2"
"530630","1","7"
"530630","2","8"
"530836","0","2"
"530836","1","5"
"530836","2","6"
"531341","0","2"
"531341","1","3"
"531341","2","4"
"531341","3","5"
"531355","0","2"
"531355","1","4"
"533299","0","8"
"533299","1","9"
"533793","0","5"
"533793","1","6"
"533793","2","7"
"534852","0","1"
"534852","1","3"
"536340","0","7"
"536340","1","8"
"536340","2","9"
"538805","0","2"
"538805","1","5"
"538807","0","2"
"538807","1","3"
"538807","2","4"
"538814","0","2"
"538814","1","7"
"538814","2","9"
"538814","3","10"
"538814","4","64"
"538850","0","2"
"538850","1","3"
"538850","2","4"
"538850","3","6"
"538850","4","5"
"538872","0","2"
"538872","1","3"
"538872","2","4"
"538873","0","2"
"538873","1","3"
"538873","2","4"
"538873","3","5"
"538886","0","1"
"538886","1","2"
"538886","2","3"
"545620","0","2"
"545620","1","3"
"545620","2","4"
"545620","3","5"
"551034","0","2"
"551034","1","3"
"551034","2","4"
"551478","0","2"
"551478","1","6"
"551478","2","7"
"551478","3","9"
"555699","0","2"
"555699","1","3"
"561964","0","3"
"561964","1","4"
"561968","0","2"
"561968","1","3"
"561968","2","4"
"561968","3","5"
"580624","0","4"
"580653","0","2"
"580653","1","4"
"591335","0","1416397608305"
"591335","1","1416397608306"
"591335","2","1416397608307"
"593837","0","3"
"593837","1","4"
"593837","2","5"
"593837","3","6"
"593948","0","2"
"593948","1","3"
"593948","2","4"
"593948","3","5"
"593948","4","6"
"594044","0","2"
"594044","1","4"
"605680","0","2"
"605680","1","5"
"611638","0","6"
"611638","1","7"
"611638","2","8"
"613357","0","5"
"613362","0","2"
"613362","1","1"
"615587","0","3"
"615587","1","4"
"615587","2","5"
"616169","0","4"
"616169","1","5"
"616169","2","6"
"616349","0","4"
"616349","1","3"
"618819","0","2"
"618819","1","5"
"626464","0","3"
"626464","1","4"
"626464","2","4"
"626464","3","5"
"642904","0","1"
"642904","1","2"
"642904","2","4"
"642904","3","5"
"655399","0","6"
"655399","1","7"
"655399","2","8"
"657712","0","2"
"657712","1","4"
"657988","0","1"
"657988","1","3"
"663610","0","2"
"663610","1","3"
"680157","0","8"
"680157","1","10"
"680189","0","7"
"680189","1","8"
"680189","2","11"
"713725","0","2"
"713725","1","3"
"713725","2","4"
"713725","3","5"
"713725","4","6"
"713725","5","7"
"713727","0","2"
"713727","1","3"
"713727","2","4"
"713727","3","5"
"714068","0","4"
"714068","1","5"
"714068","2","6"
"714073","0","1"
"714073","1","2"
"724624","0","4"
"724624","1","6"
"724624","2","5"
"724656","0","7"
"724656","1","5"
"724656","2","6"
"726649","0","4"
"726649","1","5"
"726650","0","4"
"726650","1","5"
"726653","0","13"
"726653","1","14"
"726653","2","15"
"727090","0","2"
"727090","1","3"
"727090","2","5"
"727090","3","6"
"727093","0","2"
"727093","1","7"
"727093","2","8"
"727132","0","6"
"727132","1","7"
"727132","2","8"
"728215","0","2"
"728215","1","3"
"728215","2","4"
"728215","3","5"
"728216","0","2"
"728216","1","7"
"728216","2","8"
"728216","3","9"
"728217","0","2"
"728217","1","3"
"728217","2","4"
"728217","3","5"
"728217","4","6"
"728219","0","1"
"728219","1","2"
"738662","0","2"
"738662","1","5"
"738662","2","6"
"738662","3","13"
"738674","0","2"
"738674","1","4"
"738674","2","3"
"738674","3","5"
"742834","0","1"
"742834","1","2"
"742834","2","3"
"742834","3","4"
"742834","4","5"
"742834","5","6"
"742834","6","7"
"742856","0","1"
"742856","1","2"
"742856","2","3"
"742856","3","4"
"742856","4","5"
"742856","5","6"
"742865","0","2"
"742865","1","3"
"742865","2","4"
"742865","3","5"
"742865","4","6"
"742865","5","7"
"744346","0","1"
"744346","1","2"
"744346","2","3"
"748614","0","8"
"748614","1","9"
"748614","2","10"
"748614","3","11"
"753306","0","2"
"753306","1","5"
"753306","2","6"
"769202","0","2"
"769202","1","3"
"786507","0","2"
"786507","1","4"
"786507","2","5"
"786507","3","6"
"786517","0","2"
"786517","1","3"
"786517","2","4"
"788930","0","2"
"788930","1","3"
"788930","2","4"
"788930","3","5"
"788934","0","2"
"788934","1","4"
"788938","0","3"
"788938","1","4"
"802195","0","2"
"804949","0","2"
"804949","1","3"
"804949","2","4"
"804949","3","5"
"804949","4","6"
"804949","5","7"
"804956","0","2"
"804956","1","3"
"804956","2","4"
"804956","3","5"
"804956","4","6"
"804985","0","2"
"804985","1","3"
"804985","2","4"
"804985","3","5"
"804985","4","6"
"804985","5","7"
"804998","0","2"
"804998","1","3"
"804998","2","4"
"804998","3","5"
"804998","4","6"
"804998","5","7"
"804999","0","2"
"804999","1","3"
"804999","2","4"
"804999","3","5"
"804999","4","6"
"804999","5","7"
"807785","0","1"
"807785","1","2"
"807785","2","3"
"807785","3","4"
"807785","4","5"
"807793","0","2"
"807793","1","3"
"807793","2","4"
"807793","3","5"
"807805","0","2"
"807805","1","4"
"807805","2","5"
"807805","3","6"
"817359","0","2"
"817359","1","5"
"817359","2","6"
"817383","0","2"
"817383","1","3"
"817383","2","4"
"817385","0","2"
"817385","1","7"
"824131","0","2"
"824131","1","3"
"824131","2","4"
"827452","0","2"
"827452","1","3"
"827452","2","4"
"827459","0","2"
"827459","1","13"
"827902","0","1"
"827902","1","2"
"833328","0","6"
"833328","1","7"
"833328","2","8"
"833429","0","8"
"833449","0","3"
"833449","1","4"
"833449","2","5"
"833449","3","6"
"833725","0","5"
"833740","0","5"
"833745","0","1"
"833745","1","4"
"833754","0","2"
"833754","1","3"
"833754","2","4"
"833754","3","5"
"833770","0","2"
"833770","1","3"
"833777","0","1"
"833777","1","5"
"833781","0","4"
"833781","1","4"
"833781","2","5"
"833781","3","6"
"833781","4","1"
"833796","0","1"
"833796","1","5"
"833797","0","1"
"833797","1","3"
"833797","2","4"
"833797","3","5"
"833803","0","2"
"833803","1","3"
"833808","0","2"
"833808","1","7"
"833810","0","2"
"833810","1","3"
"833810","2","4"
"833810","3","6"
"833831","0","2"
"833831","1","3"
"833831","2","4"
"833831","3","6"
"833992","0","2"
"838311","0","2"
"838311","1","3"
"838311","2","4"
"838311","3","5"
"838311","4","6"
"838311","5","7"
"838314","0","1"
"838314","1","3"
"838314","2","4"
"838397","0","5"
"838397","1","4"
"838415","0","4"
"842647","0","4"
"843473","0","2"
"843473","1","11"
"843473","2","12"
"843476","0","2"
"843476","1","11"
"843476","2","12"
"843665","0","2"
"843665","1","5"
"843665","2","6"
"843665","3","7"
"843666","0","2"
"843666","1","7"
"843666","2","8"
"843667","0","1"
"843667","1","3"
"843667","2","4"
"843668","0","2"
"843668","1","3"
"843668","2","4"
"843669","0","2"
"843669","1","3"
"843670","0","2"
"843670","1","3"
"843670","2","4"
"843670","3","5"
"845424","0","7"
"845424","1","6"
"845424","2","5"
"845424","3","4"
"845424","4","3"
"845438","0","2"
"845438","1","3"
"845438","2","4"
"845438","3","6"
"845438","4","5"
"845438","5","7"
"845438","6","8"
"845450","0","5"
"845450","1","6"
"845450","2","7"
"845450","3","8"
"845450","4","9"
"845450","5","10"
"845477","0","5"
"845477","1","3"
"845477","2","4"
"845477","3","6"
"845477","4","7"
"845477","5","8"
"845665","0","5"
"845665","1","3"
"845665","2","4"
"845665","3","6"
"845665","4","7"
"845665","5","8"
"845669","0","1"
"845669","1","3"
"845669","2","4"
"845669","3","5"
"845669","4","6"
"845693","0","5"
"845693","1","6"
"845693","2","7"
"845693","3","8"
"849489","0","3"
"849495","0","3"
"852919","0","3"
"852919","1","4"
"865521","0","1"
"865521","1","3"
"866410","0","2"
"866410","1","3"
"866410","2","4"
"866449","0","3"
"866454","0","3"
"866454","1","5"
"866454","2","6"
"866461","0","6"
"866461","1","5"
"866461","2","4"
"866461","3","3"
"866492","0","2"
"866492","1","3"
"866494","0","4"
"866494","1","5"
"866494","2","3"
"866914","0","4"
"866924","0","6"
"866924","1","7"
"866924","2","9"
"867914","0","1"
"867914","1","2"
"868303","0","1"
"868303","1","2"
"868304","0","2"
"868304","1","4"
"868304","2","5"
"872095","0","1"
"872095","1","3"
"874637","0","3"
"874637","1","4"
"874637","2","5"
"885308","0","2"
"885308","1","4"
"885308","2","5"
"885308","3","6"
"885648","0","4"
"885648","1","5"
"885648","2","3"
"886294","0","1"
"886763","0","2"
"886763","1","1"
"886771","0","2"
"886771","1","3"
"886771","2","4"
"886788","0","1"
"886788","1","2"
"886788","2","3"
"888797","0","1"
"888797","1","3"
"888896","0","5"
"888896","1","6"
"888896","2","7"
"888917","0","2"
"888917","1","3"
"888917","2","4"
"899058","0","2"
"899194","0","3"
"899194","1","4"
"899195","0","4"
"899195","1","3"
"899197","0","4"
"899197","1","5"
"899197","2","6"
"899197","3","3"
"899198","0","5"
"899198","1","4"
"899198","2","4"
"899198","3","3"
"899198","4","6"
"899227","0","2"
"899227","1","3"
"899228","0","4"
"899228","1","5"
"899228","2","6"
"899228","3","3"
"899232","0","4"
"899232","1","5"
"899232","2","3"
"899236","0","4"
"899236","1","3"
"899238","0","5"
"899238","1","3"
"899238","2","4"
"899248","0","3"
"899248","1","4"
"899251","0","4"
"899251","1","3"
"899254","0","5"
"899254","1","4"
"899254","2","3"
"900899","0","9"
"900899","1","10"
"900900","0","2"
"900905","0","2"
"900911","0","3"
"900911","1","4"
"900915","0","3"
"900915","1","4"
"901210","0","1"
"901210","1","5"
"901216","0","2"
"901216","1","3"
"901216","2","10"
"901216","3","11"
"901306","0","15"
"901306","1","16"
"901306","2","18"
"912521","0","1"
"912521","1","4"
"912521","2","5"
"912535","0","2"
"912535","1","5"
"916698","0","1"
"916698","1","20"
"920824","0","5"
"920824","1","6"
"920824","2","7"
"920825","0","1"
"920825","1","5"
"920825","2","6"
"920825","3","7"
"921789","0","2"
"921789","1","5"
"921789","2","6"
"922602","0","6"
"922602","1","7"
"923756","0","2"
"923756","1","3"
"923756","2","4"
"923756","3","5"
"924665","0","2"
"924672","0","2"
"924701","0","2"
"924705","0","2"
"924707","0","1"
"924722","0","1"
"924773","0","2"
"924785","0","2"
"924802","0","2"
"924821","0","2"
"924846","0","2"
"924849","0","2"
"925570","0","4"
"925700","0","4"
"925700","1","5"
"926411","0","2"
"926411","1","6"
"926632","0","2"
"926633","0","2"
"926633","1","3"
"926633","2","4"
"926633","3","5"
"926638","0","2"
"926638","1","3"
"926644","0","2"
"926644","1","3"
"926644","2","4"
"926830","0","2"
"926830","1","4"
"926830","2","5"
"927093","0","3"
"929151","0","4"
"929196","0","3"
"930317","0","2"
"930428","0","2"
"930428","1","3"
"930428","2","4"
"930428","3","5"
"930437","0","5"
"930437","1","6"
"930437","2","7"
"930437","3","8"
"930438","0","5"
"930438","1","6"
"930438","2","7"
"930438","3","8"
"930438","4","9"
"930842","0","4"
"930891","0","2"
"930891","1","3"
"930891","2","4"
"932051","0","2"
"932358","0","3"
"932358","1","4"
"932358","2","5"
"932379","0","3"
"932379","1","4"
"933055","0","4"
"933055","1","5"
"933067","0","3"
"933067","1","5"
"933067","2","10"
"933067","3","11"
"933236","0","3"
"933236","1","4"
"933236","2","5"
"933236","3","6"
"933367","0","4"
"933367","1","5"
"933367","2","6"
"933510","0","6"
"933510","1","9"
"933510","2","10"
"933513","0","3"
"933513","1","4"
"933513","2","5"
"933513","3","6"
"933520","0","4"
"933520","1","5"
"933522","0","3"
"933522","1","4"
"933530","0","3"
"933530","1","5"
"933561","0","5"
"933562","0","4"
"933562","1","5"
"933562","2","6"
"933580","0","5"
"933580","1","6"
"933582","0","9"
"933587","0","6"
"933587","1","7"
"933590","0","6"
"933611","0","3"
"933611","1","4"
"933611","2","5"
"933622","0","4"
"933622","1","5"
"935476","0","4"
"935476","1","5"
"935476","2","6"
"935476","3","9"
"936139","0","3"
"936139","1","4"
"939294","0","2"
"939294","1","3"
"939294","2","4"
"939325","0","2"
"939325","1","3"
"939325","2","4"
"944713","0","2"
"944713","1","10"
"944713","2","9"
"945177","0","2"
"945177","1","4"
"945177","2","5"
"945197","0","2"
"945197","1","3"
"945197","2","4"
"945197","3","5"
"945216","0","1"
"945216","1","3"
"945216","2","4"
"946199","0","2"
"946199","1","3"
"946647","0","2"
"946647","1","6"
"946647","2","7"
"946647","3","9"
"953555","0","2"
"953555","1","4"
"953555","2","5"
"953555","3","6"
"964050","0","2"
"964066","0","2"
"966325","0","6"
"966325","1","7"
"966337","0","7"
"966337","1","8"
"966337","2","9"
"966337","3","10"
"966443","0","6"
"966443","1","5"
"966705","0","6"
"967107","0","2"
"967107","1","3"
"967107","2","4"
"967107","3","5"
"971362","0","4"
"971362","1","5"
"971362","2","6"
"971366","0","3"
"971366","1","4"
"971366","2","5"
"971431","0","5"
"971431","1","6"
"971464","0","7"
"971472","0","14"
"971472","1","15"
"971472","2","16"
"971482","0","6"
"971482","1","7"
"973436","0","1425140600413"
"973436","1","1425140600414"
"973436","2","1425140600415"
"976620","0","5"
"976620","1","4"
"976628","0","4"
"976628","1","3"
"978653","0","6"
"978653","1","5"
"979023","0","2"
"979023","1","13"
"979023","2","14"
"979023","3","15"
"979035","0","1"
"979035","1","8"
"980776","0","3"
"980776","1","4"
"980776","2","5"
"980787","0","2"
"982342","0","3"
"982344","0","3"
"982344","1","4"
"982344","2","5"
"982652","0","2"
"984509","0","2"
"984531","0","2"
"984536","0","2"
"984538","0","1"
"984540","0","2"
"986602","0","1"
"986608","0","9"
"986608","1","11"
"990131","0","1"
"990131","1","6"
"990193","0","4"
"990193","1","3"
"990545","0","3"
"990545","1","4"
"990550","0","6"
"990550","1","7"
"990550","2","8"
"996419","0","8"
"996419","1","9"
"996419","2","10"
"996427","0","7"
"996427","1","8"
"999218","0","2"
"999218","1","3"
"999218","2","4"
"999436","0","3"
"999436","1","4"
"999441","0","3"
"1006046","0","5"
"1006046","1","6"
"1007726","0","10"
"1007731","0","4"
"1007731","1","5"
"1007744","0","4"
"1007744","1","5"
"1008099","0","3"
"1008099","1","4"
"1008100","0","3"
"1008100","1","4"
"1008100","2","5"
"1008100","3","6"
"1008101","0","6"
"1008101","1","7"
"1008119","0","4"
"1008119","1","5"
"1008119","2","6"
"1008119","3","7"
"1008123","0","3"
"1008123","1","4"
"1008131","0","7"
"1008131","1","8"
"1011065","0","6"
"1011099","0","5"
"1011099","1","6"
"1011099","2","7"
"1015199","0","2"
"1015199","1","3"
"1015232","0","2"
"1015232","1","3"
"1015232","2","4"
"1015232","3","5"
"1015235","0","5"
"1015235","1","2"
"1015240","0","2"
"1015240","1","3"
"1015240","2","4"
"1015240","3","5"
"1015356","0","3"
"1015356","1","4"
"1015356","2","5"
"1015357","0","5"
"1015358","0","3"
"1015358","1","4"
"1015359","0","4"
"1015360","0","16"
"1015360","1","17"
"1015361","0","3"
"1015371","0","3"
"1015371","1","4"
"1015875","0","2"
"1016019","0","2"
"1020970","0","2"
"1020981","0","2"
"1030809","0","2"
"1032668","0","4"
"1032668","1","5"
"1032668","2","6"
"1032669","0","5"
"1032669","1","6"
"1032672","0","4"
"1032672","1","5"
"1032672","2","3"
"1032674","0","4"
"1032674","1","5"
"1036197","0","4"
"1036197","1","7"
"1036197","2","6"
"1036197","3","7"
"1036211","0","3"
"1036211","1","4"
"1036211","2","5"
"1036211","3","6"
"1036211","4","7"
"1036231","0","3"
"1036254","0","3"
"1036254","1","4"
"1036254","2","5"
"1036254","3","6"
"1036259","0","3"
"1036259","1","4"
"1036259","2","5"
"1036259","3","6"
"1042865","0","2"
"1042865","1","4"
"1042865","2","5"
"1044675","0","7"
"1044675","1","8"
"1044675","2","9"
"1044681","0","4"
"1044681","1","7"
"1044711","0","4"
"1044711","1","5"
"1044711","2","6"
"1044715","0","4"
"1044715","1","7"
"1051088","0","3"
"1051088","1","4"
"1051088","2","5"
"1051088","3","6"
"1051088","4","7"
"1051114","0","3"
"1051114","1","4"
"1051755","0","11"
"1051755","1","12"
"1051755","2","13"
"1051777","0","6"
"1051777","1","7"
"1051777","2","8"
"1051784","0","6"
"1051784","1","7"
"1051785","0","4"
"1051785","1","5"
"1051790","0","5"
"1051790","1","6"
"1053373","0","2"
"1053411","0","2"
"1053417","0","2"
"1057077","0","10"
"1057077","1","11"
"1057077","2","12"
"1057078","0","3"
"1057081","0","5"
"1057099","0","11"
"1057099","1","12"
"1057111","0","10"
"1057111","1","11"
"1057124","0","9"
"1057124","1","10"
"1057130","0","4"
"1057130","1","5"
"1057527","0","5"
"1060687","0","2"
"1060788","0","2"
"1060812","0","2"
"1062641","0","3"
"1062641","1","6"
"1062641","2","7"
"1062641","3","8"
"1068059","0","4"
"1068059","1","6"
"1068059","2","7"
"1068809","0","8"
"1070440","0","2"
"1070440","1","9"
"1070440","2","10"
"1072508","0","2"
"1072508","1","3"
"1072508","2","4"
"1072511","0","1"
"1072511","1","2"
"1072511","2","3"
"779987","0","2"
"1075954","0","3"
"1075954","1","4"
"1075966","0","3"
"1077845","0","2"
"1077845","1","3"
"1077845","2","4"
"1077845","3","5"
"1077848","0","2"
"1077848","1","3"
"1077848","2","4"
"1077848","3","5"
"1077848","4","6"
"1077849","0","2"
"1077849","1","4"
"1077849","2","5"
"1077851","0","2"
"1077851","1","4"
"1077871","0","2"
"1077871","1","3"
"1077871","2","4"
"1077871","3","5"
"1077871","4","6"
"1077877","0","2"
"1077877","1","6"
"1077877","2","7"
"1077877","3","8"
"1079621","0","2"
"1079621","1","3"
"1079621","2","4"
"1081263","0","2"
"1081263","1","4"
"1081263","2","5"
"1081263","3","6"
"1081268","0","2"
"1081268","1","3"
"1081268","2","4"
"1081276","0","2"
"1081276","1","3"
"1081276","2","4"
"1081276","3","5"
"1088475","0","9"
"1088475","1","10"
"1088475","2","11"
"1088476","0","6"
"1088476","1","7"
"1088476","2","8"
"1089170","0","2"
"1089170","1","3"
"1089170","2","4"
"1090530","0","3"
"780006","0","3"
"780024","0","2"
"780024","1","3"
"780027","0","2"
"780027","1","3"
"780027","2","4"
"780027","3","5"
"893708","0","1"
"893708","1","3"
"997853","0","5"
"997853","1","6"
"1095621","0","3"
"1095622","0","2"
"1095622","1","3"
"1095622","2","4"
"1095625","0","2"
"1095625","1","5"
"1095625","2","6"
"1095626","0","6"
"1095639","0","2"
"1095639","1","3"
"1095680","0","2"
"1095680","1","3"
"1095680","2","4"
"1095680","3","5"
"1095680","4","6"
"1095680","5","7"
"1095682","0","2"
"1095682","1","5"
"1095703","0","5"
"1095703","1","6"
"1095703","2","7"
"1095703","3","2"
"1100584","0","2"
"1100585","0","2"
"1100585","1","3"
"1100585","2","4"
"1100587","0","2"
"1100591","0","1"
"1100591","1","2"
"1100599","0","5"
"1100599","1","4"
"1100602","0","2"
"1100645","0","2"
"1104897","0","1"
"1104898","0","2"
"1104898","1","3"
"1104898","2","4"
"1111524","0","5"
"1111524","1","6"
"1119901","0","2"
"1119901","1","3"
"1119901","2","4"
"1119901","3","5"
"1126651","0","3"
"1126651","1","4"
"1130121","0","3"
"1130121","1","4"
"1139100","0","2"
"1139101","0","3"
"1140639","0","2"
"1142290","0","2"
"1142290","1","3"
"1142290","2","4"
"1142290","3","5"
"1145406","0","1"
"1145406","1","3"
"1145406","2","4"
"1146292","0","2"
"1146292","1","3"
"1146292","2","4"
"1146292","3","5"
"1146292","4","6"
"1148026","0","5"
"1148026","1","6"
"1148028","0","5"
"1148049","0","6"
"1055253","0","2"
"1055253","1","3"
"1055253","2","4"
"1164835","0","6"
"1164835","1","7"
"1164835","2","8"
"1170080","0","2"
"1170080","1","3"
"1170080","2","4"
"1170080","3","9"
"1172178","0","2"
"1172178","1","3"
"1172178","2","4"
"1178057","0","1"
"1178057","1","2"
"1210256","0","1420760560046"
"1210256","1","1420760560046"
"1210256","2","1420760560046"
"1225381","0","2"
"1225381","1","20"
"1233515","0","2"
"1233515","1","3"
"1233515","2","4"
"1233525","0","2"
"1233525","1","3"
"1233525","2","4"
"1235250","0","4"
"1235250","1","16"
"1235254","0","1"
"1235254","1","9"
"1235254","2","10"
"1235256","0","3"
"1235256","1","4"
"1235256","2","5"
"1235273","0","4"
"1235273","1","7"
"1238126","0","5"
"1238126","1","9"
"1238133","0","4"
"1238133","1","5"
"1238133","2","6"
"1240874","0","1"
"1240874","1","4"
"1240874","2","5"
"1240874","3","6"
"1257902","0","2"
"1257902","1","6"
"1257902","2","7"
"1257902","3","8"
"1263080","0","4"
"1263080","1","5"
"1263080","2","6"
"1263080","3","7"
"1263080","4","8"
"1263194","0","5"
"1263194","1","8"
"1263194","2","7"
"1263194","3","9"
"1263199","0","5"
"1263199","1","6"
"1263199","2","7"
"1263199","3","8"
"1263199","4","9"
"1263209","0","5"
"1263209","1","9"
"1263209","2","6"
"1263209","3","7"
"1263209","4","8"
"1263215","0","5"
"1263215","1","6"
"1263215","2","7"
"1263215","3","8"
"1263215","4","9"
"1263220","0","6"
"1263220","1","7"
"1263220","2","8"
"1263220","3","9"
"1263220","4","10"
"1263241","0","8"
"1263241","1","7"
"1263248","0","5"
"1263248","1","8"
"1263248","2","6"
"1263248","3","7"
"1269239","0","2"
"1269239","1","3"
"1269239","2","4"
"1269239","3","5"
"1270613","0","9"
"1270613","1","11"
"1270623","0","4"
"1270623","1","5"
"1270624","0","5"
"1270624","1","9"
"1270624","2","10"
"1270625","0","1"
"1270625","1","6"
"1270627","0","7"
"1270627","1","9"
"1270628","0","1"
"1270628","1","4"
"1270628","2","5"
"1270628","3","6"
"1270691","0","4"
"1270691","1","7"
"1270808","0","6"
"1278118","0","5"
"1280269","0","2"
"1280269","1","3"
"1280269","2","4"
"1280269","3","5"
"1280816","0","5"
"1280816","1","6"
"1283166","0","3"
"1283166","1","6"
"1283169","0","1"
"1283169","1","5"
"1283169","2","6"
"1283176","0","4"
"1283176","1","6"
"1283176","2","7"
"1283176","3","8"
"1283180","0","6"
"1283180","1","8"
"1283180","2","9"
"1283180","3","10"
"1285674","0","4"
"1285674","1","5"
"1285674","2","6"
"1289674","0","3"
"1289676","0","3"
"1289676","1","4"
"1301618","0","2"
"1301618","1","3"
"1301618","2","4"
"1301618","3","5"
"1304231","0","1"
"1304231","1","6"
"1304235","0","8"
"1304235","1","10"
"1304235","2","11"
"1304235","3","12"
"1304238","0","8"
"1304238","1","10"
"1304242","0","1"
"1304242","1","10"
"1304242","2","11"
"1304247","0","5"
"1304247","1","6"
"1304247","2","7"
"1304247","3","8"
"1308034","0","1"
"1308034","1","2"
"1308034","2","3"
"1308035","0","2"
"1308035","1","3"
"1308035","2","4"
"1308035","3","5"
"1309205","0","2"
"1327153","0","2"
"1327153","1","3"
"1327153","2","4"
"1327158","0","2"
"1327158","1","6"
"1327158","2","7"
"1327204","0","2"
"1327204","1","3"
"1327204","2","4"
"1327204","3","5"
"1327211","0","1"
"1327211","1","2"
"1327211","2","3"
"1327211","3","4"
"1327222","0","2"
"1327222","1","3"
"1327222","2","4"
"1327233","0","2"
"1327233","1","4"
"1331103","0","1"
"1331103","1","2"
"1331103","2","3"
"1331103","3","4"
"1331095","0","2"
"1331095","1","3"
"1331215","0","2"
"1331215","1","3"
"1331215","2","4"
"1331220","0","2"
"1331220","1","3"
"1331228","0","2"
"1331228","1","3"
"1331228","2","4"
"1331228","3","5"
"1331230","0","1"
"1331230","1","2"
"1331230","2","3"
"1331230","3","4"
"1334288","0","1"
"1334288","1","3"
"1334593","0","6"
"1334593","1","7"
"1334594","0","6"
"1334594","1","8"
"1334594","2","7"
"1334599","0","4"
"1334599","1","5"
"1334599","2","6"
"1334599","3","7"
"1334599","4","8"
"1337421","0","4"
"1337421","1","5"
"1337421","2","6"
"1337421","3","7"
"1337457","0","2"
"1337457","1","6"
"1347355","0","4"
"1347355","1","5"
"1347366","0","5"
"1347366","1","6"
"1347366","2","7"
"1347392","0","5"
"1347392","1","6"
"1347392","2","7"
"1347402","0","8"
"1347402","1","12"
"1347402","2","13"
"1347411","0","6"
"1347411","1","7"
"1347411","2","8"
"1347411","3","9"
"1352102","0","3"
"1352102","1","4"
"1355429","0","1"
"1355429","1","3"
"1355429","2","4"
"1358214","0","2"
"1358214","1","4"
"1358214","2","5"
"1365845","0","4"
"1365845","1","5"
"1365845","2","6"
"1365845","3","7"
"1365846","0","4"
"1365846","1","5"
"1365846","2","6"
"1365846","3","7"
"1366131","0","3"
"1366131","1","4"
"1366131","2","7"
"1366186","0","5"
"1366186","1","6"
"1366186","2","7"
"1368098","0","2"
"1368098","1","5"
"1368098","2","7"
"1368098","3","9"
"1368098","4","10"
"1368768","0","2"
"1368768","1","19"
"1368768","2","20"
"1368768","3","21"
"1368771","0","2"
"1368771","1","3"
"1368771","2","10"
"1368774","0","2"
"1368774","1","3"
"1368774","2","4"
"1368774","3","5"
"1368801","0","2"
"1368801","1","4"
"1368801","2","5"
"1368907","0","2"
"1368907","1","3"
"1368907","2","4"
"1368907","3","5"
"1369385","0","6"
"1369385","1","7"
"1369386","0","5"
"1369386","1","6"
"1369386","2","7"
"1369386","3","8"
"1369386","4","25"
"1370193","0","3"
"1370193","1","4"
"1370197","0","4"
"1370197","1","5"
"1370197","2","6"
"1370323","0","4"
"1370323","1","6"
"1370323","2","7"
"1377999","0","2"
"1061622","0","5"
"1079992","0","4"
"1079992","1","5"
"1079992","2","6"
"1079994","0","3"
"1079994","1","4"
"1079994","2","5"
"1385171","0","6"
"1385171","1","4"
"1385171","2","3"
"1385178","0","5"
"1385178","1","2"
"1385182","0","6"
"1385182","1","5"
"1385182","2","4"
"1385187","0","6"
"1385187","1","5"
"1385187","2","4"
"1385190","0","3"
"1385190","1","4"
"1385190","2","5"
"1385193","0","5"
"1385193","1","4"
"1385193","2","3"
"1385194","0","4"
"1385194","1","5"
"1385203","0","7"
"1385203","1","9"
"1385203","2","8"
"1387235","0","2"
"1388999","0","5"
"1388999","1","7"
"1389003","0","7"
"1389003","1","8"
"1389004","0","1"
"1389004","1","9"
"1389018","0","5"
"1389018","1","9"
"1389018","2","10"
"1389018","3","12"
"1389018","4","13"
"1389018","5","14"
"1391448","0","2"
"1391448","1","3"
"1391940","0","3"
"1391943","0","5"
"1391943","1","6"
"1397214","0","2"
"1397214","1","4"
"1397214","2","5"
"1397214","3","16"
"1401615","0","2"
"1401615","1","3"
"1401647","0","2"
"1401647","1","5"
"1401660","0","2"
"1401660","1","3"
"1401660","2","4"
"1401661","0","1"
"1401661","1","5"
"1403029","0","13"
"1403029","1","30"
"1403029","2","34"
"1404913","0","3"
"1404913","1","4"
"1404913","2","5"
"1404933","0","7"
"1404933","1","15"
"1412211","0","3"
"1412211","1","4"
"1412211","2","5"
"1414094","0","8"
"1414094","1","9"
"1414507","0","6"
"1414507","1","7"
"1414507","2","8"
"1420533","0","5"
"1420547","0","2"
"1420547","1","3"
"1420547","2","4"
"1420547","3","6"
"1428060","0","7"
"1428060","1","8"
"1428060","2","9"
"1428061","0","7"
"1428061","1","8"
"1431184","0","2"
"1431184","1","5"
"1431184","2","6"
"1431184","3","7"
"1431188","0","1"
"1431188","1","2"
"1431208","0","2"
"1431208","1","4"
"1433255","0","6"
"1433255","1","7"
"1434500","0","1425016297950"
"1442940","0","13"
"1442940","1","14"
"1442940","2","15"
"1461175","0","2"
"1461175","1","3"
"1461175","2","4"
"1469727","0","2"
"1469727","1","3"
"1469727","2","4"
"1469727","3","5"
"1469736","0","2"
"1469736","1","6"
"1469738","0","2"
"1469738","1","7"
"1469738","2","8"
"1469738","3","9"
"1469739","0","1"
"1469739","1","5"
"1481528","0","7"
"1481528","1","8"
"1508477","0","2"
"1508477","1","3"
"1508477","2","4"
"1508477","3","5"
"1508485","0","11"
"1508485","1","14"
"1508485","2","12"
"1508485","3","13"
"1521393","0","2"
"1521393","1","3"
"1521394","0","4"
"1525518","0","3"
"1525519","0","3"
"1528966","0","2"
"1528966","1","7"
"1528974","0","2"
"1528974","1","3"
"1529577","0","2"
"1529577","1","3"
"1529577","2","4"
"1534919","0","2"
"1534919","1","4"
"1534919","2","5"
"1536033","0","1425729683453"
"1536033","1","1425729683454"
"1536049","0","1425729683457"
"1536049","1","1425729683459"
"1536049","2","1425729683460"
"1538568","0","2"
"1538568","1","3"
"1538568","2","4"
"1539004","0","2"
"1539004","1","3"
"1539004","2","4"
"1540465","0","2"
"1540465","1","5"
"1540465","2","6"
"1542421","0","5"
"1542421","1","6"
"1546602","0","1"
"1546602","1","3"
"1546602","2","4"
"1546602","3","5"
"1546602","4","6"
"1546610","0","2"
"1546610","1","3"
"1546610","2","4"
"1546610","3","5"
"1546610","4","6"
"1549725","0","3"
"1549730","0","5"
"1549730","1","6"
"1549730","2","7"
"1562193","0","21"
"1562193","1","3"
"1562193","2","4"
"1562193","3","5"
"1562313","0","1"
"1562313","1","3"
"1562313","2","4"
"1562313","3","5"
"1565539","0","2"
"1565539","1","4"
"1565539","2","5"
"1565539","3","6"
"1565599","0","1"
"1565599","1","4"
"1565721","0","2"
"1565751","0","1"
"1567410","0","8"
"1567415","0","7"
"1567415","1","5"
"1567415","2","6"
"1567416","0","6"
"1567416","1","7"
"1567416","2","8"
"1567419","0","9"
"1567419","1","8"
"1568355","0","21"
"1568355","1","3"
"1568355","2","4"
"1568355","3","5"
"1568488","0","2"
"1568488","1","4"
"1568488","2","5"
"1575429","0","3"
"1575429","1","4"
"1575429","2","5"
"1575453","0","3"
"1575453","1","4"
"1575453","2","5"
"1576050","0","2"
"1576050","1","3"
"1576050","2","4"
"1576050","3","5"
"1576050","4","6"
"1576050","5","7"
"1576256","0","2"
"1576268","0","3"
"1576268","1","4"
"1576268","2","5"
"1576271","0","2"
"1576347","0","3"
"1576347","1","4"
"1577323","0","3"
"1577323","1","4"
"1580904","0","2"
"1580904","1","3"
"1580904","2","4"
"1581879","0","2"
"1581879","1","4"
"1581879","2","5"
"1581879","3","6"
"1591436","0","9"
"1591436","1","10"
"1591436","2","11"
"1591440","0","3"
"1591440","1","4"
"1596967","0","1"
"1596990","0","1"
"1604097","0","1"
"1605326","0","2"
"1605326","1","3"
"1605326","2","4"
"1605327","0","1"
"1605327","1","2"
"1605327","2","3"
"1607016","0","2"
"1607016","1","3"
"1607016","2","4"
"1607016","3","5"
"1607016","4","6"
"1607016","5","7"
"1621205","0","7"
"1621205","1","8"
"1621205","2","9"
"1621609","0","2"
"1635391","0","2"
"1635391","1","5"
"1635391","2","6"
"1635391","3","7"
"1635391","4","8"
"1635391","5","9"
"1638538","0","4"
"1638548","0","3"
"1638548","1","4"
"1638602","0","3"
"1638602","1","4"
"1638602","2","5"
"1638602","3","6"
"1638620","0","8"
"1655152","0","3"
"1655152","1","4"
"1655300","0","2"
"1655300","1","3"
"1655300","2","4"
"1655519","0","4"
"1655519","1","5"
"1655519","2","6"
"1655524","0","3"
"1655532","0","3"
"1656253","0","2"
"1656254","0","14"
"1656254","1","15"
"1656255","0","3"
"1656255","1","4"
"1656255","2","5"
"1656260","0","5"
"1656260","1","6"
"1656261","0","3"
"1673499","0","2"
"1673499","1","3"
"1673499","2","4"
"1673499","3","5"
"1673499","4","6"
"1673504","0","2"
"1673504","1","3"
"1673504","2","4"
"1673504","3","5"
"1673504","4","6"
"1673504","5","7"
"1673514","0","2"
"1673514","1","6"
"1673514","2","7"
"1673528","0","2"
"1673528","1","3"
"1673528","2","4"
"1673528","3","5"
"1673656","0","2"
"1673656","1","6"
"1673656","2","4"
"1673656","3","5"
"1673667","0","2"
"1673667","1","3"
"1673667","2","4"
"1673890","0","2"
"1673890","1","86"
"1673896","0","2"
"1673896","1","3"
"1673896","2","4"
"1673896","3","5"
"1673898","0","2"
"1673898","1","3"
"1673904","0","2"
"1673904","1","3"
"1673904","2","4"
"1673904","3","5"
"1673904","4","6"
"1673906","0","1"
"1673906","1","2"
"1673906","2","3"
"1673906","3","4"
"1673906","4","5"
"1105117","0","1"
"1105117","1","2"
"1674807","0","2"
"1674807","1","5"
"1674807","2","6"
"1683212","0","1"
"1683212","1","4"
"1683212","2","5"
"1683226","0","1"
"1683226","1","2"
"1683227","0","2"
"1683227","1","3"
"1683227","2","4"
"1683227","3","5"
"1683227","4","6"
"1683227","5","7"
"1683228","0","2"
"1683228","1","3"
"1683228","2","4"
"1688021","0","2"
"1688021","1","3"
"1688021","2","4"
"1690695","0","1428756138408"
"1690695","1","1428756138409"
"1690695","2","1428756138410"
"1694272","0","7"
"1694272","1","8"
"1701716","0","6"
"1701716","1","7"
"1701728","0","2"
"1701728","1","3"
"1701728","2","4"
"1710048","0","1"
"1710048","1","2"
"1710048","2","3"
"1710048","3","4"
"1711219","0","1"
"1711219","1","2"
"1711219","2","3"
"1711219","3","4"
"1713103","0","2"
"1713105","0","1"
"1713118","0","2"
"1732963","0","1"
"1737643","0","11"
"1737643","1","12"
"1737643","2","13"
"1737643","3","14"
"1739206","0","1"
"1739206","1","2"
"1739206","2","4"
"1739207","0","1"
"1739207","1","2"
"1739207","2","6"
"1739208","0","2"
"1739208","1","3"
"1739208","2","4"
"1739208","3","5"
"1739220","0","1"
"1739220","1","2"
"1739220","2","3"
"1739220","3","4"
"1739220","4","5"
"1739220","5","6"
"1739775","0","1"
"1740229","0","1"
"1740229","1","6"
"1740229","2","7"
"1740239","0","9"
"1740239","1","10"
"1740239","2","11"
"1740239","3","12"
"1740239","4","13"
"1740250","0","3"
"1753375","0","4"
"1753375","1","5"
"1765819","0","2"
"1765836","0","2"
"1765925","0","1"
"1765937","0","1"
"1765974","0","2"
"1766379","0","3"
"1766379","1","5"
"1766379","2","6"
"1766502","0","2"
"1766622","0","3"
"1766622","1","4"
"1766634","0","4"
"1766636","0","3"
"1766637","0","3"
"1766654","0","3"
"1766654","1","4"
"1766654","2","5"
"1766678","0","7"
"1766678","1","8"
"1766678","2","9"
"1766704","0","3"
"1766704","1","4"
"1766704","2","5"
"1766721","0","3"
"1766721","1","4"
"1766721","2","5"
"1766726","0","3"
"1766726","1","4"
"1766726","2","5"
"1766728","0","3"
"1766728","1","4"
"1766728","2","5"
"1766728","3","6"
"1766777","0","3"
"1779362","0","2"
"1779380","0","2"
"1787429","0","2"
"1787429","1","3"
"1787429","2","4"
"1787429","3","5"
"1787429","4","6"
"1787444","0","2"
"1787444","1","3"
"1787444","2","4"
"1788485","0","1"
"1791906","0","3"
"1791906","1","4"
"1791907","0","3"
"1791911","0","2"
"1791919","0","3"
"1791919","1","4"
"1791919","2","5"
"1794271","0","2"
"1794271","1","4"
"1794271","2","5"
"1794832","0","1"
"1794838","0","4"
"1794838","1","3"
"1794840","0","1"
"1794840","1","3"
"1794842","0","5"
"1794842","1","4"
"1794842","2","3"
"1797980","0","5"
"1810501","0","3"
"1819720","0","2"
"1819720","1","4"
"1819720","2","5"
"1819730","0","2"
"1819730","1","4"
"1819730","2","5"
"1819730","3","11"
"1846425","0","2"
"1846427","0","2"
"1846427","1","3"
"1846884","0","2"
"1846884","1","4"
"1846884","2","5"
"1846884","3","6"
"1847692","0","2"
"1847692","1","5"
"1847692","2","6"
"1847726","0","2"
"1847726","1","4"
"1847726","2","5"
"1858727","0","2"
"1858727","1","3"
"1858727","2","4"
"1858733","0","2"
"1858738","0","6"
"1858738","1","2"
"1858743","0","1"
"1858744","0","5"
"1858745","0","2"
"1858751","0","1"
"1858751","1","4"
"1858764","0","2"
"1858773","0","2"
"1858776","0","2"
"1858780","0","3"
"1858782","0","4"
"1858782","1","5"
"1858782","2","6"
"1858787","0","2"
"1858788","0","1"
"1858798","0","1"
"1858803","0","5"
"1858803","1","6"
"1858852","0","4"
"1858905","0","3"
"1858910","0","3"
"1858910","1","4"
"1858910","2","5"
"1858921","0","8"
"1858921","1","9"
"1858921","2","10"
"1858927","0","2"
"1858983","0","1"
"1858983","1","4"
"1858983","2","5"
"1858998","0","6"
"1858998","1","7"
"1858998","2","5"
"1859001","0","2"
"1859001","1","3"
"1873700","0","3"
"1873700","1","4"
"1873700","2","5"
"1873700","3","11"
"1873708","0","2"
"1887813","0","3"
"1887813","1","4"
"1887814","0","4"
"1887816","0","5"
"1887825","0","3"
"1887825","1","4"
"1887825","2","5"
"1887826","0","3"
"1887826","1","4"
"1887826","2","5"
"1887827","0","6"
"1887827","1","7"
"1887829","0","3"
"1887829","1","4"
"1905968","0","2"
"1905968","1","3"
"1905968","2","4"
"1905979","0","2"
"1905979","1","3"
"1905979","2","4"
"1905979","3","5"
"1905983","0","3"
"1905983","1","2"
"1905983","2","3"
"1905983","3","4"
"1905983","4","5"
"1913081","0","2"
"1913081","1","7"
"1913081","2","8"
"1913081","3","9"
"1913112","0","2"
"1913112","1","3"
"1913112","2","4"
"1913112","3","5"
"1913112","4","6"
"1916868","0","5"
"1916868","1","6"
"1916868","2","7"
"1916868","3","8"
"1916868","4","9"
"1916869","0","8"
"1923270","0","3"
"1923270","1","4"
"1923270","2","5"
"1923270","3","6"
"1923270","4","7"
"1923272","0","3"
"1923272","1","4"
"1923272","2","5"
"1923312","0","5"
"1923312","1","6"
"1923312","2","7"
"1923312","3","8"
"1923312","4","9"
"1928275","0","1"
"1928275","1","3"
"1952691","0","1428756138407"
"1952691","1","1428756138409"
"1952691","2","1428756138410"
"1961598","0","1"
"1961598","1","2"
"1967373","0","5"
"1967373","1","6"
"1967373","2","12"
"1968492","0","2"
"1970968","0","3"
"1970968","1","4"
"1970968","2","5"
"1980721","0","4"
"1986617","0","3"
"1986617","1","5"
"1986617","2","4"
"1987779","0","3"
"1987779","1","4"
"2000443","0","1"
"2000443","1","4"
"2003564","0","2"
"2003564","1","5"
"2003564","2","6"
"2003564","3","7"
"2003564","4","8"
"2013480","0","2"
"2013480","1","3"
"2030039","0","3"
"2030039","1","4"
"2030039","2","5"
"2034065","0","4"
"2034066","0","4"
"2034103","0","6"
"2034103","1","7"
"2034151","0","3"
"2034151","1","4"
"2034168","0","4"
"2034179","0","3"
"2034179","1","4"
"2034179","2","5"
"2034187","0","3"
"2034187","1","7"
"2034196","0","3"
"2073550","0","3"
"2078741","0","2"
"2078741","1","3"
"2078741","2","4"
"2078741","3","8"
"143694","0","3"
"143694","1","4"
"143694","2","5"
"2091444","0","2"
"2091444","1","8"
"2091444","2","9"
"2091444","3","10"
"2092191","0","3"
"2092191","1","4"
"2092191","2","5"
"2092193","0","3"
"2092193","1","6"
"2092193","2","7"
"2096822","0","4"
"2096822","1","5"
"2096822","2","6"
"2101260","0","3"
"2101260","1","4"
"2108157","0","5"
"2108157","1","6"
"2108163","0","5"
"2108163","1","6"
"2125188","0","2"
"2125188","1","6"
"2125191","0","2"
"2125191","1","6"
"2125191","2","7"
"2125191","3","8"
"2125192","0","2"
"2125192","1","3"
"2125192","2","10"
"2133930","0","3"
"2133930","1","4"
"2133935","0","3"
"2138549","0","1"
"2138549","1","3"
"2153223","0","2"
"2153223","1","3"
"2153223","2","4"
"2153224","0","2"
"2153224","1","4"
"2153224","2","5"
"2153224","3","6"
"2153224","4","7"
"2156377","0","1"
"2156378","0","9"
"2156378","1","11"
"2167132","0","2"
"2167132","1","3"
"2167132","2","4"
"2167134","0","1"
"2167134","1","5"
"2176714","0","2"
"2176714","1","3"
"2176714","2","4"
"2176714","3","7"
"2177902","0","2"
"2177902","1","4"
"2177902","2","5"
"2177902","3","6"
"2177957","0","2"
"2177957","1","3"
"2177957","2","4"
"2177957","3","5"
"2177957","4","7"
"2181993","0","5"
"2181993","1","6"
"2188832","0","5"
"2188832","1","6"
"2206307","0","5"
"2206307","1","6"
"2206315","0","3"
"2206315","1","4"
"2206699","0","2"
"2206702","0","3"
"2206702","1","5"
"2206706","0","4"
"2206706","1","3"
"2206706","2","5"
"2208745","0","3"
"2208745","1","4"
"2208745","2","5"
"2219614","0","3"
"2219614","1","4"
"2219616","0","2"
"2219650","0","4"
"2219650","1","5"
"2230874","0","3"
"2230874","1","4"
"2230874","2","5"
"2230885","0","3"
"2230885","1","4"
"2230885","2","5"
"2230887","0","3"
"2230888","0","5"
"2230888","1","6"
"2230890","0","4"
"2230890","1","5"
"2230890","2","6"
"2230904","0","3"
"2230904","1","4"
"2230904","2","5"
"2230917","0","3"
"2230917","1","4"
"2230917","2","6"
"2230920","0","3"
"2230920","1","4"
"2230920","2","5"
"2230927","0","3"
"2230927","1","4"
"2230927","2","8"
"2230929","0","3"
"2230929","1","4"
"2230929","2","5"
"2233626","0","1"
"2233626","1","4"
"2233626","2","5"
"2233635","0","2"
"2233635","1","4"
"2233635","2","5"
"2233641","0","2"
"2233641","1","3"
"2233641","2","4"
"2233646","0","1"
"2233646","1","2"
"2233646","2","3"
"2233652","0","2"
"2233652","1","4"
"2233652","2","5"
"2236205","0","3"
"2236205","1","4"
"2236205","2","5"
"2236211","0","3"
"2242767","0","2"
"2242767","1","3"
"2242767","2","4"
"2242781","0","2"
"2242781","1","3"
"2242782","0","2"
"2242782","1","3"
"2242782","2","4"
"2242797","0","2"
"2242797","1","3"
"2242797","2","4"
"2242800","0","1"
"2242800","1","3"
"2242800","2","4"
"2242801","0","1"
"2242801","1","2"
"2242801","2","3"
"2248055","0","4"
"2248055","1","6"
"2248055","2","9"
"2256507","0","3"
"2259005","0","3"
"2265634","0","2"
"2265634","1","3"
"2265634","2","4"
"2266676","0","2"
"2266676","1","4"
"2266676","2","5"
"2266676","3","7"
"2266840","0","1"
"2266840","1","3"
"2266840","2","4"
"2266840","3","5"
"2268592","0","2"
"2268592","1","3"
"2268592","2","4"
"2268592","3","5"
"2268597","0","1"
"2268597","1","2"
"2268597","2","3"
"2268607","0","2"
"2268607","1","5"
"2268607","2","10"
"2268607","3","11"
"2268891","0","2"
"2268891","1","3"
"2268891","2","4"
"2268894","0","2"
"2268894","1","3"
"2270650","0","3"
"2270650","1","4"
"2270650","2","5"
"2270666","0","2"
"2270666","1","6"
"2273391","0","2"
"2273391","1","3"
"2273391","2","4"
"2273391","3","5"
"2281526","0","2"
"2281526","1","3"
"2283930","0","2"
"2283930","1","3"
"2283930","2","4"
"2283930","3","5"
"2283930","4","6"
"2283930","5","7"
"2283930","6","8"
"2283936","0","2"
"2284553","0","2"
"2284553","1","3"
"2284553","2","4"
"2284553","3","5"
"2284555","0","2"
"2284555","1","3"
"2284555","2","4"
"2284555","3","5"
"2284555","4","6"
"2286072","0","2"
"2286072","1","5"
"2286164","0","2"
"2286164","1","4"
"2286164","2","5"
"2286164","3","6"
"2286195","0","2"
"2286195","1","3"
"2286195","2","4"
"2286207","0","1"
"2286207","1","2"
"2286207","2","3"
"2286207","3","4"
"2286210","0","2"
"2286210","1","3"
"2286210","2","4"
"2286210","3","5"
"2286267","0","2"
"2286267","1","5"
"2286275","0","2"
"2286275","1","5"
"2286275","2","7"
"2295961","0","1"
"2295961","1","3"
"2295961","2","4"
"2295961","3","5"
"2323093","0","4"
"2323093","1","5"
"2323093","2","6"
"2323094","0","4"
"2323094","1","5"
"2323096","0","5"
"2323096","1","6"
"2323115","0","4"
"2323115","1","5"
"2323200","0","3"
"2323200","1","4"
"2323200","2","5"
"2406656","0","8"
"2406656","1","9"
"2414628","0","2"
"2414628","1","4"
"2414628","2","5"
"2414628","3","6"
"2418212","0","6"
"2418212","1","7"
"2420579","0","7"
"2424772","0","5"
"2424772","1","6"
"2424772","2","7"
"2424779","0","6"
"2424779","1","7"
"2425752","0","2"
"2454573","0","2"
"2454573","1","5"
"2454573","2","6"
"2454573","3","7"
"2455046","0","2"
"2455046","1","3"
"2455046","2","4"
"2456738","0","2"
"2456738","1","4"
"2456738","2","5"
"2456738","3","6"
"2457505","0","1"
"2457505","1","2"
"2457505","2","3"
"2465398","0","4"
"2465398","1","9"
"2465398","2","10"
"2465423","0","8"
"2465423","1","7"
"2465423","2","9"
"2486590","0","7"
"2486590","1","8"
"2498250","0","3"
"2498250","1","4"
"2498250","2","5"
"2498316","0","2"
"2498316","1","3"
"2498316","2","4"
"2498316","3","5"
"2504178","0","3"
"2504184","0","3"
"2504184","1","4"
"2504194","0","3"
"2504194","1","6"
"2504196","0","3"
"2504196","1","4"
"2553959","0","3"
"2553959","1","4"
"2553974","0","2"
"2553974","1","4"
"2553974","2","5"
"2553974","3","6"
"2566012","0","3"
"2566012","1","4"
"2566012","2","5"
"2566302","0","7"
"2566302","1","8"
"2566302","2","9"
"2567718","0","4"
"2568912","0","4"
"2588389","0","2"
"2588389","1","3"
"2588389","2","4"
"2588398","0","5"
"2588405","0","3"
"2588405","1","4"
"2588405","2","5"
"2590260","0","10"
"2591728","0","2"
"2591728","1","3"
"2600005","0","3"
"2600005","1","4"
"2600005","2","5"
"2600007","0","3"
"2600007","1","4"
"2600007","2","5"
"2600012","0","4"
"2600022","0","3"
"2600022","1","4"
"2600024","0","3"
"2600025","0","3"
"2600025","1","4"
"2600029","0","4"
"2600029","1","5"
"2600034","0","3"
"2600034","1","4"
"2600034","2","5"
"2601669","0","3"
"2601669","1","4"
"2604770","0","7"
"2604770","1","8"
"2609009","0","2"
"2609009","1","3"
"2609011","0","4"
"2609012","0","6"
"2609013","0","2"
"2609013","1","3"
"2609014","0","5"
"2609014","1","6"
"2609020","0","3"
"2609020","1","5"
"2609020","2","6"
"2630286","0","3"
"2630286","1","4"
"2630286","2","5"
"2630286","3","6"
"2630294","0","2"
"2636596","0","3"
"2640924","0","11"
"2640924","1","8"
"2640924","2","12"
"2656041","0","3"
"2656041","1","6"
"2656041","2","7"
"2658252","0","3"
"2658252","1","4"
"2658261","0","1"
"2658261","1","5"
"2658261","2","6"
"2658261","3","7"
"1597208","0","2"
"1597208","1","3"
"1597208","2","4"
"1853914","0","5"
"1853914","1","6"
"1853931","0","1"
"1853931","1","3"
"1853931","2","4"
"1853933","0","2"
"1853933","1","4"
"1853933","2","5"
"1853934","0","2"
"1853934","1","3"
"1853934","2","4"
"1853934","3","5"
"1853951","0","2"
"1853951","1","3"
"1853965","0","2"
"1853965","1","4"
"1853965","2","5"
"2683113","0","1"
"2683113","1","2"
"2683115","0","2"
"2683115","1","3"
"2683115","2","4"
"2683117","0","2"
"2683117","1","4"
"2683117","2","5"
"2683118","0","2"
"2683118","1","3"
"2683118","2","4"
"2683118","3","5"
"2683125","0","2"
"2683126","0","2"
"2683126","1","3"
"2683126","2","4"
"2683128","0","2"
"2683132","0","1"
"2683132","1","2"
"2683140","0","5"
"2683140","1","4"
"2683143","0","2"
"2689411","0","2"
"2689411","1","3"
"2689413","0","2"
"2689413","1","3"
"2689413","2","4"
"2689413","3","5"
"2689414","0","2"
"2689414","1","3"
"2689414","2","4"
"2689414","3","5"
"2689417","0","2"
"2689417","1","3"
"2689417","2","5"
"2689417","3","6"
"2689420","0","2"
"2689420","1","3"
"2689420","2","4"
"2689425","0","2"
"2689425","1","4"
"2689425","2","5"
"2689433","0","2"
"2689433","1","3"
"2689433","2","4"
"2689433","3","5"
"2689460","0","2"
"2689460","1","4"
"2689460","2","5"
"2689462","0","1"
"2689462","1","4"
"2689471","0","2"
"2689471","1","3"
"2689471","2","4"
"2689471","3","5"
"2689476","0","1"
"2689476","1","2"
"2689476","2","3"
"2689480","0","1"
"2689480","1","2"
"2689484","0","1"
"2689484","1","2"
"2689484","2","3"
"2689488","0","1"
"2689488","1","2"
"2689488","2","3"
"2689500","0","2"
"2689500","1","3"
"2689500","2","4"
"2689500","3","5"
"2689509","0","1"
"2689509","1","3"
"2689511","0","2"
"2689511","1","5"
"2689511","2","6"
"2689515","0","2"
"2689515","1","3"
"2689515","2","4"
"2689515","3","5"
"2689520","0","2"
"2689520","1","4"
"2689520","2","5"
"2689521","0","2"
"2689521","1","4"
"2689521","2","5"
"2689521","3","6"
"2689524","0","1"
"2689524","1","2"
"2689524","2","3"
"2689537","0","3"
"2689537","1","6"
"2689537","2","7"
"2689546","0","2"
"2689546","1","5"
"2689987","0","2"
"2690025","0","1444822378871"
"2690025","1","1444822378872"
"2690025","2","1444822378873"
"2690026","0","1444822378872"
"2690026","1","1444822378873"
"2692838","0","2"
"2692838","1","4"
"2692891","0","1"
"2692891","1","2"
"2692891","2","3"
"2692891","3","4"
"2692894","0","6"
"2692894","1","3"
"2692898","0","2"
"2692898","1","4"
"2692898","2","6"
"2692919","0","2"
"2692919","1","4"
"2692919","2","5"
"2692919","3","6"
"2692956","0","1"
"2692956","1","2"
"2696620","0","2"
"2696620","1","5"
"2696620","2","6"
"2696626","0","2"
"2696626","1","4"
"2696626","2","5"
"2696705","0","1"
"2696705","1","3"
"2696705","2","5"
"2696708","0","1"
"2696708","1","2"
"2696708","2","3"
"2697392","0","1"
"2697392","1","2"
"2697392","2","3"
"2697392","3","4"
"2697421","0","2"
"2697421","1","4"
"2697421","2","5"
"2697421","3","6"
"2697461","0","2"
"2697461","1","5"
"2706478","0","2"
"2706478","1","3"
"2706478","2","4"
"2706535","0","2"
"2706535","1","5"
"2710596","0","2"
"2710596","1","5"
"2710598","0","2"
"2710598","1","5"
"2710598","2","6"
"2710600","0","2"
"2710600","1","3"
"2710600","2","4"
"2710600","3","5"
"2710601","0","1"
"2710601","1","2"
"2710601","2","3"
"2710616","0","2"
"2710616","1","3"
"2710621","0","2"
"2710621","1","4"
"2710666","0","1"
"2710666","1","2"
"2710667","0","3"
"2711720","0","2"
"2711720","1","3"
"2711720","2","4"
"2711720","3","5"
"2711731","0","2"
"2711731","1","5"
"2711731","2","6"
"2711732","0","2"
"2711732","1","3"
"2711732","2","4"
"2711742","0","2"
"2711742","1","3"
"2711742","2","4"
"2711742","3","5"
"2711753","0","3"
"2711753","1","4"
"2711753","2","5"
"2712513","0","2"
"2712513","1","4"
"2712513","2","5"
"2712514","0","2"
"2712514","1","4"
"2712514","2","5"
"2712521","0","2"
"2712521","1","4"
"2712521","2","5"
"2712531","0","2"
"2712531","1","3"
"2712531","2","4"
"2712552","0","2"
"2712552","1","5"
"2712552","2","6"
"2712559","0","1"
"2712559","1","2"
"2712559","2","3"
"2712559","3","4"
"2712575","0","1"
"2712575","1","5"
"2712575","2","6"
"2712578","0","2"
"2712578","1","3"
"2712578","2","4"
"2712582","0","2"
"2712582","1","3"
"2712582","2","4"
"2713069","0","2"
"2713069","1","3"
"2713069","2","4"
"2713077","0","1"
"2713077","1","2"
"2713077","2","3"
"2713077","3","4"
"2713089","0","2"
"2713089","1","3"
"2713089","2","4"
"2713096","0","1"
"2713096","1","3"
"2713168","0","1"
"2713168","1","4"
"2713265","0","2"
"2713265","1","4"
"2713265","2","5"
"2713265","3","6"
"2713659","0","2"
"2713659","1","3"
"2713659","2","4"
"2713659","3","5"
"2721741","0","3"
"2721741","1","4"
"2721741","2","1"
"2724946","0","2"
"2724946","1","3"
"2724946","2","4"
"2724946","3","5"
"2732511","0","1444822378875"
"2732511","1","1444822378876"
"2732511","2","1444822378877"
"2736563","0","2"
"2736563","1","4"
"2736563","2","5"
"2736563","3","6"
"2755910","0","1"
"2755910","1","5"
"2788228","0","2"
"2788228","1","3"
"2788228","2","4"
"2788228","3","5"
"2788845","0","1"
"2788845","1","2"
"2788845","2","3"
"2804868","0","1444822378876"
"2804868","1","1444822378877"
"2804868","2","1444822378878"
"2804868","3","1444822378879"
"2804868","4","1444822378880"
"2838459","0","7"
"2838459","1","8"
"2838459","2","9"
"2855361","0","9"
"2855361","1","10"
"2855361","2","11"
"2859132","0","2"
"2859132","1","5"
"2859132","2","6"
"2862068","0","9"
"2862068","1","10"
"2862068","2","11"
"2862068","3","12"
"2862078","0","10"
"2862078","1","11"
"2864497","0","2"
"2864498","0","3"
"2864521","0","2"
"2864526","0","6"
"2864526","1","7"
"2864526","2","8"
"2870251","0","2"
"2870251","1","4"
"2870251","2","5"
"2870251","3","6"
"2873987","0","12"
"2873987","1","13"
"2877221","0","1"
"2877221","1","2"
"2877221","2","3"
"2877221","3","4"
"2877221","4","5"
"2877225","0","2"
"2877225","1","6"
"2877225","2","7"
"2877231","0","2"
"2877231","1","3"
"2877231","2","4"
"2877231","3","5"
"2877265","0","3"
"2877265","1","4"
"2878602","0","1"
"2878602","1","2"
"2878602","2","3"
"2878602","3","4"
"2878602","4","5"
"2878608","0","2"
"2878608","1","6"
"2878608","2","7"
"2878616","0","2"
"2878616","1","3"
"2878616","2","4"
"2878616","3","5"
"2878640","0","2"
"2878640","1","3"
"2880035","0","3"
"2880035","1","4"
"2880154","0","3"
"2880427","0","3"
"2880427","1","4"
"2880429","0","3"
"2880434","0","3"
"2880434","1","5"
"2880434","2","6"
"2880437","0","7"
"2880437","1","15"
"2880438","0","3"
"2880438","1","4"
"2880438","2","5"
"2880439","0","3"
"2880440","0","6"
"2880440","1","7"
"2880445","0","4"
"2880445","1","5"
"2880445","2","6"
"2880447","0","3"
"2880447","1","4"
"2880448","0","3"
"2880450","0","4"
"2880450","1","5"
"2880452","0","3"
"2880452","1","4"
"2880453","0","5"
"2880453","1","6"
"2880453","2","7"
"2880454","0","3"
"2880454","1","4"
"2880454","2","5"
"2880456","0","4"
"2880456","1","6"
"2880456","2","5"
"2880462","0","3"
"2880462","1","4"
"2880462","2","5"
"2880463","0","3"
"2880463","1","4"
"2880463","2","5"
"2880467","0","4"
"2880478","0","3"
"2880478","1","4"
"2885907","0","2"
"2889335","0","2"
"2889335","1","4"
"2889335","2","5"
"2889335","3","6"
"2889336","0","2"
"2889336","1","3"
"2889336","2","4"
"2889353","0","2"
"2889353","1","3"
"2889353","2","4"
"2889358","0","2"
"2889358","1","3"
"2889358","2","5"
"2889358","3","6"
"2890751","0","3"
"2890751","1","4"
"2890751","2","5"
"2894227","0","1"
"2894225","0","2"
"2894248","0","1"
"2894251","0","1"
"2896187","0","7"
"2896187","1","8"
"2896187","2","9"
"2896189","0","8"
"2896189","1","9"
"2896189","2","10"
"2896397","0","2"
"2896397","1","4"
"2896397","2","5"
"2896397","3","6"
"2896414","0","1"
"2896414","1","3"
"2896414","2","4"
"2896414","3","5"
"2896974","0","1"
"2896974","1","3"
"2896974","2","4"
"2896974","3","5"
"2898152","0","1"
"2898155","0","2"
"2899997","0","3"
"2899997","1","4"
"2900965","0","1"
"2900969","0","1"
"2900969","1","2"
"2900969","2","3"
"2900969","3","4"
"2900987","0","1"
"2901647","0","4"
"2901647","1","5"
"2901647","2","7"
"2901648","0","3"
"2901648","1","4"
"2901648","2","5"
"2901672","0","3"
"2901672","1","4"
"2906018","0","3"
"2906018","1","4"
"2906018","2","5"
"2908268","0","3"
"2911333","0","5"
"2911333","1","6"
"2911333","2","7"
"2911383","0","3"
"2911390","0","3"
"2911390","1","4"
"2911396","0","6"
"2911396","1","7"
"2911396","2","8"
"2911486","0","3"
"2911486","1","4"
"2911486","2","5"
"2911486","3","6"
"2911487","0","2"
"2911487","1","3"
"2911487","2","4"
"2911487","3","5"
"2911489","0","3"
"2911489","1","4"
"2911490","0","3"
"2911493","0","3"
"2911493","1","4"
"2911494","0","4"
"2914473","0","1"
"2914478","0","1"
"2914495","0","2"
"2914495","1","3"
"2914495","2","4"
"2914495","3","5"
"2914509","0","3"
"2914509","1","4"
"2914509","2","5"
"2914509","3","6"
"2914509","4","7"
"2914520","0","1"
"2914520","1","5"
"2914541","0","2"
"2914541","1","3"
"2914541","2","4"
"2914546","0","2"
"2914549","0","2"
"2914550","0","2"
"2914550","1","3"
"2914569","0","2"
"2914569","1","4"
"2914569","2","5"
"2914569","3","6"
"2916191","0","2"
"2916191","1","3"
"2916191","2","4"
"2917369","0","5"
"2917379","0","2"
"2917396","0","3"
"2917396","1","4"
"2917396","2","5"
"2917419","0","2"
"2917419","1","3"
"2918585","0","4"
"2919419","0","4"
"2919419","1","5"
"2919419","2","6"
"2919486","0","4"
"2919486","1","5"
"2919486","2","6"
"2920752","0","5"
"2920752","1","6"
"2920752","2","7"
"2924408","0","17"
"2924408","1","18"
"2924408","2","19"
"2925167","0","3"
"2925400","0","2"
"2925400","1","4"
"2925400","2","5"
"2925400","3","6"
"2925487","0","2"
"2926339","0","2"
"2926339","1","4"
"2926346","0","3"
"2926346","1","4"
"2926356","0","3"
"2926356","1","4"
"2928701","0","6"
"2928701","1","7"
"2928701","2","8"
"2928716","0","5"
"2928716","1","6"
"2928716","2","7"
"2929832","0","1"
"2929832","1","2"
"2929832","2","3"
"2929832","3","4"
"2929833","0","2"
"2929833","1","5"
"2929833","2","6"
"2929833","3","7"
"2929833","4","8"
"2929843","0","2"
"2929843","1","6"
"2929843","2","4"
"2929843","3","5"
"2931727","0","2"
"2931727","1","3"
"2931727","2","4"
"2931727","3","5"
"2931768","0","5"
"2931777","0","3"
"2931780","0","3"
"2931780","1","4"
"2932061","0","2"
"2932061","1","3"
"2932064","0","7"
"2932071","0","3"
"2932071","1","4"
"2937982","0","2"
"2937982","1","3"
"2937982","2","4"
"2937982","3","5"
"2939422","0","13"
"2939427","0","10"
"2939427","1","11"
"2945043","0","7"
"2945043","1","8"
"2945887","0","3"
"2945887","1","4"
"2953540","0","3"
"2953540","1","4"
"2953794","0","1"
"2953794","1","2"
"2954658","0","11"
"2954658","1","12"
"2954658","2","13"
"2954660","0","9"
"2954660","1","10"
"2954660","2","11"
"2955536","0","3"
"2955536","1","4"
"2955536","2","5"
"2957586","0","4"
"2957586","1","2"
"2957585","0","2"
"2962447","0","3"
"2962447","1","5"
"2962447","2","6"
"2963522","0","3"
"2963522","1","5"
"2963522","2","6"
"2963539","0","3"
"2963539","1","6"
"2963539","2","7"
"2968544","0","2"
"2968544","1","3"
"2968566","0","2"
"2968566","1","3"
"2968658","0","2"
"2968658","1","3"
"2970914","0","2"
"2970914","1","4"
"2970914","2","5"
"2974942","0","2"
"2974942","1","4"
"2974942","2","5"
"2974942","3","6"
"2976526","0","3"
"2976526","1","4"
"2976526","2","5"
"2976527","0","2"
"2976527","1","3"
"2977069","0","2"
"2977069","1","4"
"2977069","2","5"
"2983849","0","2"
"2983849","1","3"
"2983849","2","4"
"2983850","0","2"
"2983850","1","4"
"2983850","2","6"
"2983850","3","7"
"2983852","0","2"
"2983852","1","3"
"2983852","2","4"
"2985691","0","6"
"2985691","1","7"
"2987792","0","2"
"2987792","1","4"
"2987792","2","5"
"2987792","3","6"
"3003666","0","2"
"3003666","1","3"
"3003666","2","5"
"3015969","0","2"
"3015970","0","4"
"3015970","1","2"
"3019851","0","1"
"3019851","1","2"
"3019851","2","3"
"3019851","3","4"
"3019851","4","5"
"3020545","0","1"
"3020545","1","5"
"3020553","0","2"
"3020565","0","1"
"3020565","1","3"
"3020578","0","2"
"3020580","0","2"
"3020580","1","3"
"3020580","2","4"
"3020580","3","5"
"3021725","0","2"
"3021725","1","3"
"3021725","2","4"
"3021725","3","5"
"3024540","0","2"
"3024540","1","3"
"3024540","2","4"
"3026925","0","3"
"3026925","1","4"
"3026925","2","5"
"3026928","0","7"
"3026928","1","8"
"3026928","2","9"
"3027099","0","3"
"3027099","1","6"
"3027099","2","7"
"3031823","0","9"
"3031836","0","2"
"3031978","0","1"
"3031980","0","5"
"3031983","0","2"
"3032020","0","6"
"3032020","1","2"
"3034026","0","1"
"3034026","1","4"
"3034032","0","1"
"3034032","1","4"
"3034039","0","1"
"3034039","1","4"
"3044417","0","3"
"3044417","1","4"
"3044417","2","5"
"3044432","0","3"
"3044432","1","4"
"3044432","2","5"
"3044432","3","6"
"3044444","0","6"
"3044444","1","5"
"3044444","2","4"
"3044444","3","3"
"3117418","0","4"
"3117418","1","5"
"3117418","2","5"
"3151778","0","2"
"3151778","1","9"
"3151778","2","7"
"3182961","0","2"
"3182961","1","3"
"3182961","2","4"
"3185254","0","2"
"3185254","1","4"
"3185256","0","3"
"3185256","1","4"
"3191155","0","2"
"3191155","1","5"
"3219113","0","2"
"3219113","1","3"
"3219113","2","4"
"3219113","3","5"
"3219143","0","2"
"3219143","1","4"
"3219143","2","5"
"3219145","0","2"
"3219145","1","3"
"3219145","2","4"
"3219145","3","5"
"3247065","0","2"
"3247065","1","5"
"3247065","2","6"
"3247065","3","7"
"3265958","0","2"
"3265958","1","4"
"3297031","0","2"
"3297126","0","3"
"3297126","1","4"
"3297213","0","3"
"3297213","1","4"
"3297312","0","3"
"3297312","1","4"
"3297312","2","5"
"3297316","0","3"
"3297316","1","4"
"3297766","0","3"
"3316161","0","3"
"3316161","1","4"
"3316161","2","5"
"3316602","0","2"
"3316602","1","3"
"3316602","2","4"
"3331256","0","2"
"3331256","1","3"
"3331256","2","4"
"3331257","0","2"
"3331257","1","3"
"3331257","2","4"
"3331266","0","2"
"3331266","1","4"
"3331266","2","5"
"3331266","3","6"
"3337742","0","6"
"3337742","1","7"
"3337745","0","3"
"3337745","1","4"
"3337745","2","5"
"3337941","0","2"
"3337941","1","3"
"3337942","0","2"
"3337942","1","4"
"3342278","0","2"
"3342278","1","3"
"3342278","2","4"
"3342278","3","5"
"3342281","0","2"
"3342281","1","3"
"3342281","2","4"
"3342281","3","5"
"3342281","4","6"
"3353514","0","3"
"3353514","1","4"
"3353514","2","5"
"3353515","0","3"
"3353515","1","4"
"3353515","2","5"
"3357703","0","2"
"3357703","1","4"
"3357703","2","5"
"3357704","0","2"
"3357704","1","3"
"3357704","2","4"
"3357704","3","5"
"3389971","0","3"
"3389971","1","4"
"3389971","2","5"
"3389976","0","3"
"3389976","1","4"
"3390145","0","1"
"3390145","1","3"
"3390145","2","4"
"3396981","0","4"
"3396981","1","5"
"3396981","2","6"
"3396984","0","3"
"3396984","1","4"
"3396984","2","5"
"3396996","0","3"
"3396996","1","4"
"3397001","0","7"
"3397001","1","8"
"3397018","0","3"
"3397018","1","4"
"3397019","0","3"
"3397019","1","4"
"3397019","2","5"
"3397029","0","1"
"3397029","1","4"
"3404959","0","2"
"3404959","1","5"
"3404959","2","6"
"3411145","0","2"
"3411145","1","11"
"3411145","2","13"
"3411145","3","14"
"3411165","0","2"
"3411165","1","5"
"3411165","2","6"
"3418701","0","2"
"3418701","1","3"
"3418701","2","4"
"3418701","3","5"
"3418704","0","2"
"3418704","1","3"
"3418704","2","4"
"3418705","0","2"
"3418705","1","4"
"3418705","2","5"
"3418710","0","2"
"3418710","1","4"
"3418710","2","5"
"3418710","3","6"
"3418716","0","2"
"3418716","1","5"
"3426597","0","2"
"3426597","1","5"
"3426597","2","6"
"3427750","0","2"
"3427750","1","4"
"3427750","2","5"
"3427750","3","6"
"3432028","0","2"
"3432028","1","5"
"3432028","2","6"
"3432028","3","7"
"3432031","0","2"
"3432031","1","4"
"3432031","2","5"
"3432031","3","6"
"3432032","0","2"
"3432032","1","3"
"3432032","2","4"
"3432033","0","2"
"3432033","1","8"
"3432033","2","9"
"3432033","3","10"
"3432033","4","11"
"3432048","0","1"
"3432048","1","2"
"3432048","2","3"
"3432048","3","4"
"3432048","4","5"
"3432077","0","2"
"3432077","1","3"
"3432077","2","4"
"3432717","0","2"
"3432717","1","3"
"3432717","2","4"
"3433700","0","2"
"3433700","1","6"
"3433700","2","7"
"3433700","3","8"
"3436073","0","2"
"3436073","1","4"
"3436073","2","5"
"3436073","3","6"
"3436077","0","2"
"3436077","1","3"
"3436077","2","5"
"3436297","0","2"
"3436297","1","6"
"3436297","2","7"
"3436299","0","2"
"3436299","1","3"
"3436299","2","4"
"3436299","3","5"
"3436300","0","2"
"3436300","1","3"
"3436300","2","4"
"3436300","3","5"
"3436305","0","2"
"3436305","1","3"
"3436305","2","4"
"3436331","0","2"
"3436331","1","4"
"3436336","0","2"
"3436336","1","4"
"3436336","2","5"
"3436341","0","1"
"3436341","1","6"
"3436341","2","7"
"3437314","0","2"
"3437314","1","4"
"3453695","0","3"
"3453695","1","7"
"3459028","0","2"
"3459028","1","3"
"3459028","2","4"
"3459028","3","5"
"3459036","0","2"
"3459036","1","3"
"3459036","2","4"
"3459036","3","5"
"3459038","0","2"
"3459038","1","3"
"3459038","2","4"
"3459044","0","2"
"3459044","1","5"
"3459044","2","6"
"3463295","0","2"
"3463295","1","4"
"3463295","2","5"
"3464363","0","2"
"3464363","1","3"
"3464363","2","4"
"3483179","0","2"
"3483179","1","3"
"3483180","0","2"
"3483180","1","4"
"3483180","2","8"
"3483187","0","2"
"3483187","1","3"
"3483187","2","4"
"3483187","3","5"
"3483191","0","2"
"3483191","1","5"
"3483191","2","6"
"3483191","3","7"
"3508781","0","4"
"3508781","1","5"
"3528646","0","2"
"3528646","1","3"
"3538478","0","2"
"3538478","1","5"
"3538478","2","6"
"3538478","3","7"
"3538479","0","2"
"3538479","1","9"
"3538479","2","10"
"3538479","3","11"
"3646065","0","1"
"3650536","0","1"
"3650544","0","2"
"3650566","0","1"
"3650568","0","2"
"3650568","1","4"
"3730034","0","2"
"3730040","0","4"
"3730047","0","3"
"3730047","1","4"
"3730047","2","5"
"3730063","0","3"
"3730063","1","4"
"3730063","2","5"
"3730066","0","5"
"3730066","1","6"
"3737027","0","3"
"3737027","1","4"
"3737027","2","5"
"3781718","0","4"
"3781718","1","5"
"3797379","0","3"
"3797379","1","4"
"3797379","2","5"
"3797384","0","4"
"3797384","1","5"
"3797384","2","7"
"3797408","0","6"
"3797408","1","7"
"3797473","0","3"
"3797473","1","4"
"3797473","2","5"
"3803627","0","2"
"3803645","0","2"
"3803649","0","2"
"3803656","0","3"
"3803658","0","4"
"3803658","1","5"
"3803658","2","6"
"3803665","0","2"
"3803666","0","1"
"3815790","0","3"
"3815790","1","4"
"3815800","0","4"
"3815800","1","5"
"3815800","2","6"
"3841431","0","1"
"3841867","0","3"
"3842264","0","2"
"3858475","0","2"
"3858475","1","5"
"3858475","2","6"
"3858475","3","7"
"3858726","0","7"
"3858726","1","8"
"3858726","2","6"
"3858726","3","9"
"3889209","0","4"
"3889216","0","1"
"3889221","0","5"
"3889221","1","6"
"3889239","0","3"
"3889245","0","3"
"3889245","1","4"
"3889245","2","5"
"3889254","0","8"
"3889254","1","9"
"3889254","2","10"
"3889263","0","2"
"3910907","0","2"
"3910907","1","3"
"3910907","2","4"
"3910907","3","5"
"3910917","0","11"
"3910917","1","14"
"3910917","2","12"
"3910917","3","13"
"3911003","0","2"
"3911003","1","3"
"3911003","2","4"
"3912440","0","4"
"3912447","0","3"
"3912447","1","4"
"3912447","2","5"
"3912461","0","4"
"3912461","1","5"
"3912462","0","4"
"3912462","1","5"
"3912462","2","6"
"3912467","0","4"
"3912467","1","17"
"3912467","2","18"
"3912467","3","19"
"3912949","0","17"
"3912949","1","18"
"3912949","2","19"
"3912949","3","22"
"3912970","0","4"
"3920501","0","4"
"3920502","0","3"
"3920502","1","4"
"3920502","2","5"
"3920512","0","3"
"3920512","1","4"
"3920512","2","5"
"3920523","0","3"
"3920523","1","4"
"3920523","2","5"
"3920524","0","5"
"3920529","0","3"
"3920529","1","25"
"3920531","0","5"
"3920531","1","6"
"3922629","0","18"
"3922629","1","19"
"3922629","2","20"
"3922638","0","4"
"3922638","1","5"
"3922642","0","3"
"3922642","1","4"
"3922642","2","5"
"3922643","0","4"
"3922643","1","5"
"3922643","2","6"
"3922644","0","3"
"3922644","1","4"
"3922644","2","5"
"3922664","0","3"
"3922664","1","4"
"3922664","2","9"
"3926076","0","10"
"3926076","1","11"
"3926076","2","12"
"3926084","0","3"
"3926084","1","4"
"3928381","0","3"
"3928381","1","4"
"3928381","2","5"
"3933927","0","3"
"3933934","0","3"
"3933934","1","4"
"3933934","2","5"
"3933935","0","3"
"3933935","1","4"
"3933935","2","5"
"3933968","0","3"
"3933968","1","4"
"3933968","2","9"
"3933973","0","9"
"3933973","1","10"
"3933973","2","11"
"3936654","0","4"
"3994303","0","2"
"3994303","1","3"
"3994303","2","4"
"3994319","0","2"
"3994319","1","5"
"3994336","0","2"
"3994336","1","4"
"3994336","2","5"
"3994336","3","6"
"3995323","0","2"
"3995323","1","4"
"3995323","2","5"
"3995325","0","2"
"3995325","1","3"
"3995325","2","4"
"3995325","3","5"
"3995329","0","2"
"3995329","1","3"
"3995329","2","4"
"3995329","3","5"
"3995347","0","2"
"3995347","1","5"
"3995347","2","6"
"3995367","0","2"
"3995367","1","3"
"3995367","2","4"
"3995367","3","5"
"3995383","0","2"
"3995383","1","4"
"3995383","2","5"
"3995383","3","6"
"3995386","0","1"
"3995386","1","3"
"3995386","2","4"
"4048491","0","2"
"4048491","1","3"
"4048491","2","4"
"4048491","3","5"
"4049865","0","2"
"4049865","1","3"
"4049865","2","4"
"4049865","3","5"
"4049890","0","2"
"4049890","1","3"
"4049890","2","4"
"4052167","0","2"
"4052167","1","5"
"4052167","2","7"
"4052214","0","2"
"4052214","1","4"
"4052214","2","5"
"4052226","0","1"
"4052226","1","2"
"4052226","2","5"
"4052240","0","2"
"4052240","1","3"
"4052240","2","4"
"4052285","0","2"
"4052285","1","6"
"4052285","2","7"
"4052285","3","10"
"4055953","0","2"
"4055953","1","4"
"4055965","0","2"
"4055965","1","3"
"4055965","2","4"
"4055965","3","5"
"4055965","4","6"
"4055973","0","2"
"4055973","1","3"
"4055973","2","4"
"4058671","0","2"
"4058671","1","3"
"4058671","2","4"
"4058677","0","1"
"4058677","1","2"
"4058677","2","3"
"4058692","0","2"
"4058692","1","3"
"4058692","2","4"
"4058692","3","5"
"4058692","4","6"
"4058698","0","2"
"4058698","1","4"
"4058698","2","5"
"4058706","0","2"
"4058706","1","6"
"4058706","2","7"
"4058706","3","8"
"4058706","4","9"
"4061673","0","2"
"4061673","1","4"
"4061673","2","5"
"4329991","0","1"
"4329991","1","4"
"4329991","2","5"
"4330004","0","6"
"4330004","1","7"
"4330004","2","5"
"4330006","0","2"
"4330006","1","3"
