"main.id","hpq_phiheal_life_mem.id","phiheal_life_mem_refno"
"55967","0","1"
"55967","1","2"
"55992","0","1"
"55992","1","6"
"56017","0","1"
"56017","1","6"
"56028","0","1"
"56306","0","1"
"56808","0","2"
"61415","0","2"
"61415","1","3"
"61415","2","4"
"103308","0","1"
"103308","1","2"
"122723","0","1"
"122723","1","2"
"122723","2","3"
"122723","3","4"
"122735","0","6"
"122735","1","7"
"130760","0","1"
"130808","0","1"
"130808","1","2"
"132142","0","1"
"132157","0","1"
"132173","0","1"
"132173","1","3"
"132173","2","4"
"132173","3","5"
"132173","4","6"
"132182","0","1"
"136896","0","1"
"136896","1","2"
"136896","2","3"
"136931","0","1"
"136932","0","1"
"136940","0","2"
"136945","0","3"
"136961","0","1"
"136961","1","2"
"145938","0","1"
"152701","0","1"
"152701","1","2"
"160564","0","1"
"164782","0","1"
"171935","0","1"
"184224","0","1"
"184224","1","2"
"192166","0","1"
"192166","1","2"
"192166","2","3"
"192167","0","3"
"192174","0","1"
"192187","0","2"
"192196","0","2"
"193026","0","1"
"217973","0","1"
"220990","0","1"
"220990","1","6"
"244049","0","1"
"244049","1","2"
"249556","0","6"
"249556","1","5"
"249571","0","6"
"268295","0","1"
"268295","1","2"
"268305","0","1"
"268305","1","2"
"268309","0","1"
"274305","0","1"
"274305","1","2"
"280690","0","1"
"280690","1","2"
"280776","0","8"
"302922","0","1"
"302974","0","1"
"302974","1","4"
"303007","0","1"
"303033","0","1"
"307244","0","1"
"307244","1","2"
"318827","0","1"
"467931","0","5"
"467931","1","4"
"467931","2","3"
"467931","3","2"
"467931","4","1"
"468705","0","1"
"468705","1","2"
"468705","2","3"
"468705","3","4"
"473249","0","1"
"473249","1","2"
"473251","0","1"
"473251","1","2"
"473256","0","1"
"473256","1","2"
"473258","0","2"
"473258","1","3"
"473665","0","1"
"500811","0","1"
"500811","1","2"
"508087","0","1"
"508087","1","3"
"508087","2","4"
"508101","0","1"
"508101","1","2"
"508148","0","1"
"508699","0","1"
"508699","1","2"
"508699","2","3"
"508699","3","4"
"508747","0","6"
"508747","1","7"
"508886","0","1"
"508886","1","2"
"516773","0","1"
"516773","1","2"
"520662","0","1"
"534859","0","1"
"597416","0","1"
"597416","1","9"
"597481","0","1"
"597481","1","7"
"597593","0","1"
"597628","0","1"
"613361","0","1"
"644892","0","1409783975643"
"644892","1","1409783975644"
"657944","0","1"
"684627","0","1"
"684627","1","2"
"716359","0","1"
"716359","1","2"
"728231","0","1"
"728231","1","2"
"742860","0","1"
"742860","1","2"
"751267","0","1"
"815036","0","1"
"815036","1","2"
"827927","0","1"
"833665","0","1"
"845476","0","1"
"845568","0","1"
"845568","1","2"
"866426","0","1"
"866448","0","3"
"866917","0","1"
"866917","1","2"
"866917","2","3"
"866917","3","4"
"892897","0","1"
"892922","0","1"
"892922","1","2"
"892946","0","1"
"892946","1","2"
"892947","0","1"
"892947","1","2"
"901237","0","1"
"901237","1","2"
"913769","0","1"
"913770","0","1"
"913770","1","2"
"913808","0","1"
"913808","1","3"
"913817","0","1"
"913817","1","5"
"913820","0","1"
"913835","0","1"
"913842","0","1"
"913842","1","3"
"920792","0","4"
"920793","0","1"
"920797","0","1"
"920799","0","1"
"920801","0","1"
"920801","1","7"
"920808","0","1"
"920817","0","1"
"920821","0","1"
"920822","0","1"
"920823","0","5"
"920829","0","1"
"920829","1","5"
"920846","0","1"
"920846","1","5"
"920847","0","6"
"920849","0","1"
"920851","0","1"
"926838","0","1"
"936114","0","1"
"936114","1","2"
"945203","0","1"
"945203","1","2"
"945220","0","1"
"953561","0","1"
"966555","0","1"
"982366","0","1"
"1008102","0","1"
"1016667","0","1"
"1016673","0","1"
"1016679","0","1"
"1016817","0","1"
"1016817","1","6"
"1016907","0","1"
"1016908","0","1"
"1017525","0","1"
"1017525","1","3"
"1017525","2","4"
"1017549","0","1"
"1017562","0","1"
"1017563","0","1"
"1017598","0","1"
"1053436","0","1"
"1060685","0","1"
"1060820","0","1"
"1069492","0","1"
"1069492","1","2"
"1069493","0","2"
"1069501","0","1"
"1069508","0","1"
"1069677","0","1"
"1069677","1","2"
"1069680","0","2"
"1069497","0","1"
"1069497","1","2"
"1074559","0","1"
"1077864","0","1"
"1077864","1","2"
"1077872","0","1"
"1077875","0","1"
"1077875","1","2"
"1077886","0","1"
"1081266","0","1"
"1081267","0","1"
"1081272","0","1"
"1081277","0","3"
"1086687","0","1"
"1094075","0","1"
"1094075","1","4"
"1094082","0","1"
"1094086","0","1"
"1094087","0","1"
"1094090","0","1"
"1094091","0","1"
"1094093","0","1"
"1094102","0","1"
"1094106","0","5"
"1094106","1","6"
"1094107","0","4"
"1094107","1","1"
"1094119","0","1"
"1094124","0","1"
"1094125","0","1"
"1094125","1","5"
"1094145","0","1"
"1094150","0","4"
"1094171","0","1"
"1094388","0","1"
"1094388","1","2"
"1094697","0","1"
"1094703","0","1"
"1094724","0","1"
"1095621","0","2"
"1095621","1","3"
"1095853","0","1"
"1095855","0","1"
"1095866","0","1"
"1095867","0","1"
"1104892","0","1"
"1104895","0","1"
"1104901","0","2"
"1104908","0","2"
"1105122","0","1"
"1105122","1","2"
"1113040","0","1"
"1113040","1","2"
"1113076","0","1"
"1113076","1","2"
"1113082","0","1"
"1119893","0","1"
"1119893","1","4"
"1125008","0","1"
"1126381","0","1"
"1126381","1","2"
"1126383","0","1"
"1126383","1","2"
"1126459","0","1"
"1130099","0","1"
"1130099","1","2"
"1130102","0","3"
"1130111","0","1"
"1130127","0","1"
"1130134","0","1"
"1130141","0","1"
"1136725","0","5"
"1139083","0","1"
"1139108","0","1"
"1139108","1","2"
"1140637","0","1"
"1140637","1","2"
"1149981","0","1"
"1162814","0","1"
"1162814","1","2"
"1172187","0","1"
"1172191","0","1"
"1172191","1","2"
"1178933","0","1"
"1178944","0","5"
"1224151","0","1"
"1224151","1","2"
"1224159","0","1"
"1226131","0","1"
"1230926","0","1"
"1233529","0","1"
"1246183","0","1"
"1246183","1","2"
"1246198","0","1"
"1262993","0","1"
"1263046","0","1"
"1263046","1","4"
"1263067","0","1"
"1263068","0","1"
"1263068","1","4"
"1263092","0","1"
"1263092","1","5"
"1263120","0","9"
"1263124","0","1"
"1263137","0","1"
"1263174","0","1"
"1263188","0","1"
"1263218","0","1"
"1263225","0","1"
"1263246","0","1"
"1263259","0","1"
"1263259","1","5"
"1263262","0","1"
"1263280","0","1"
"1263280","1","1"
"1263281","0","1"
"1263281","1","2"
"1263281","2","3"
"1269168","0","1"
"1285684","0","1429037407693"
"1299038","0","1"
"1299038","1","2"
"1309174","0","3"
"1331642","0","1"
"1331642","1","2"
"1331646","0","1"
"1331646","1","2"
"1334297","0","1"
"1334429","0","1"
"1334435","0","5"
"1334445","0","1"
"1334445","1","5"
"1334459","0","1"
"1334459","1","4"
"1334462","0","1"
"1334462","1","6"
"1334515","0","1"
"1334587","0","1"
"1334591","0","1"
"1334625","0","1"
"1334625","1","6"
"1334634","0","1"
"1334635","0","1"
"1334635","1","4"
"1334636","0","4"
"1334638","0","1"
"1334638","1","4"
"1334648","0","1"
"1337444","0","1"
"1337446","0","1"
"1337446","1","2"
"1348468","0","1"
"1352573","0","1"
"1352573","1","2"
"1348441","0","1"
"1348501","0","1"
"1348343","0","1"
"1348343","1","2"
"1348343","2","3"
"1348353","0","1"
"1348353","1","2"
"1348424","0","1"
"1348424","1","2"
"1355426","0","1"
"1355426","1","2"
"1355439","0","1"
"1365568","0","1"
"1365661","0","1"
"1365685","0","3"
"1365828","0","1"
"1365843","0","1"
"1365843","1","4"
"1365863","0","1"
"1365865","0","1"
"1365865","1","4"
"1366050","0","1"
"1366123","0","3"
"1368133","0","5"
"1368133","1","6"
"1368800","0","1"
"1369727","0","4"
"1369730","0","2"
"1382632","0","1"
"1382647","0","1"
"1382648","0","1"
"1382648","1","2"
"1382653","0","1"
"1385979","0","1425016297965"
"1431195","0","1"
"1431218","0","1"
"1434581","0","1422240830530"
"1434581","1","1422240830531"
"1435694","0","1"
"1435697","0","1"
"1435709","0","1"
"1437213","0","1"
"1437213","1","2"
"1437214","0","1"
"1437226","0","1"
"1437235","0","1"
"1437239","0","1"
"1437251","0","1"
"1437251","1","2"
"1443133","0","2"
"1449790","0","1425016297967"
"1458269","0","1425016297934"
"1460278","0","1"
"1460282","0","1"
"1460282","1","2"
"1486281","0","1"
"1486281","1","2"
"1490451","0","1"
"1490494","0","1"
"1490502","0","1"
"1490502","1","3"
"1490502","2","4"
"1490535","0","1"
"1508477","0","2"
"1508480","0","23"
"1508481","0","2"
"1508481","1","3"
"1508482","0","25"
"1508482","1","26"
"1508482","2","27"
"1508721","0","1"
"1508721","1","3"
"1508726","0","1"
"1508726","1","2"
"1510017","0","1"
"1510017","1","2"
"1510021","0","1"
"1510021","1","4"
"1510021","2","3"
"1510021","3","4"
"1510021","4","5"
"1510022","0","2"
"1510731","0","1"
"1510731","1","2"
"1511922","0","1"
"1511922","1","2"
"1518442","0","1"
"1518442","1","2"
"1518757","0","1"
"1518761","0","1"
"1518774","0","1"
"1518790","0","1"
"1521445","0","1"
"1521472","0","1"
"1528501","0","1"
"1528800","0","1"
"1528848","0","1"
"1528848","1","2"
"1528849","0","1"
"1528849","1","2"
"1528852","0","1"
"1528856","0","1"
"1529576","0","1"
"1529589","0","1"
"1532230","0","1425729683448"
"1534852","0","1"
"1534868","0","1"
"1534878","0","1"
"1534893","0","1"
"1534899","0","1"
"1534899","1","2"
"1534902","0","1"
"1534924","0","1"
"1534924","1","2"
"1534943","0","1"
"1534943","1","2"
"1534946","0","1"
"1534948","0","1"
"1534948","1","2"
"1534955","0","1"
"1535127","0","1"
"1535127","1","2"
"1535128","0","2"
"1535151","0","1"
"1535151","1","2"
"1535191","0","1"
"1535201","0","1"
"1535201","1","2"
"1536024","0","1425729683455"
"1536032","0","1425729683452"
"1536049","0","1425729683453"
"1537888","0","1"
"1537888","1","2"
"1537892","0","1"
"1537908","0","1"
"1537910","0","1"
"1537910","1","2"
"1537912","0","1"
"1537917","0","1"
"1537917","1","2"
"1538554","0","1"
"1538561","0","1"
"1538562","0","1"
"1538569","0","1"
"1538570","0","1"
"1538571","0","1"
"1538579","0","1"
"1538587","0","1"
"1538663","0","1"
"1538990","0","1"
"1540086","0","1"
"1540316","0","1"
"1540316","1","2"
"1540319","0","1"
"1540319","1","2"
"1540458","0","1"
"1540458","1","2"
"1540906","0","1"
"1541009","0","1"
"1541921","0","1"
"1541921","1","2"
"1541921","2","3"
"1542443","0","1"
"1542458","0","8"
"1546591","0","1"
"1546595","0","1"
"1546600","0","1"
"1554171","0","2"
"1554171","1","3"
"1554239","0","1"
"1554240","0","1"
"1554248","0","1"
"1562191","0","1"
"1562192","0","1"
"1562320","0","1"
"1562320","1","2"
"1562320","2","6"
"1562320","3","7"
"1565531","0","2"
"1565531","1","3"
"1565534","0","1"
"1565536","0","2"
"1565540","0","1"
"1565540","1","2"
"1565542","0","1"
"1565584","0","1"
"1565587","0","1"
"1565594","0","1"
"1565594","1","2"
"1568325","0","1"
"1568326","0","1"
"1568327","0","3"
"1568332","0","4"
"1568339","0","1"
"1568354","0","1"
"1568354","1","2"
"1568357","0","1"
"1568358","0","1"
"1568358","1","2"
"1575433","0","1"
"1576367","0","1"
"1576370","0","1"
"1576370","1","2"
"1577319","0","1"
"1577325","0","1"
"1577325","1","2"
"1577331","0","1"
"1577350","0","1"
"1580902","0","1"
"1580902","1","2"
"1580902","2","3"
"1580905","0","1"
"1580907","0","1"
"1580907","1","2"
"1580907","2","3"
"1580908","0","1"
"1580908","1","2"
"1580908","2","3"
"1580910","0","1"
"1580912","0","1"
"1580912","1","2"
"1580912","2","3"
"1580913","0","1"
"1580913","1","2"
"1580913","2","3"
"1580913","3","4"
"1580916","0","1"
"1580916","1","2"
"1580916","2","3"
"1580916","3","4"
"1580919","0","1"
"1580919","1","2"
"1588853","0","1"
"1588862","0","1"
"1588862","1","2"
"1591336","0","1"
"1596973","0","1"
"1596976","0","1"
"1596983","0","1"
"1597002","0","1"
"1597008","0","1"
"1597043","0","1"
"1604097","0","1"
"1604098","0","1"
"1605326","0","5"
"1624609","0","1"
"1624619","0","1"
"1624619","1","2"
"1624618","0","1"
"1624618","1","2"
"1624615","0","1"
"1624615","1","2"
"1632236","0","1"
"1632236","1","2"
"1632237","0","1"
"1632237","1","2"
"1635361","0","1"
"1635361","1","2"
"1635364","0","1"
"1635372","0","1"
"1635374","0","1"
"1635375","0","1"
"1635380","0","1"
"1635382","0","1"
"1652908","0","1"
"1652960","0","1"
"1652962","0","1"
"1655146","0","1"
"1655147","0","1"
"1655147","1","2"
"1655160","0","1"
"1655160","1","2"
"1655281","0","1"
"1655290","0","1"
"1655302","0","1"
"1657212","0","1"
"1657212","1","2"
"1657220","0","1"
"1660489","0","1"
"1660493","0","1"
"1660497","0","2"
"1660497","1","3"
"1670684","0","1"
"1670684","1","2"
"1673229","0","1"
"1673236","0","6"
"1673239","0","1"
"1673253","0","1"
"1673257","0","1"
"1673525","0","1"
"1673525","1","2"
"1673650","0","1"
"1673717","0","1"
"1673717","1","2"
"1673913","0","1"
"1674809","0","1"
"1674809","1","2"
"1674811","0","1"
"1674828","0","1"
"1683217","0","2"
"1683217","1","3"
"1683229","0","1"
"1683237","0","1"
"1683237","1","2"
"1688010","0","1"
"1688010","1","2"
"1688012","0","5"
"1688012","1","6"
"1688017","0","1"
"1688026","0","1"
"1688026","1","2"
"1691541","0","1"
"1701704","0","2"
"1701710","0","1"
"1701713","0","1"
"1701718","0","1"
"1701724","0","1"
"1710031","0","1"
"1710034","0","1"
"1710034","1","2"
"1710043","0","1"
"1710049","0","1"
"1710049","1","2"
"1710064","0","1"
"1710065","0","1"
"1710065","1","2"
"1710070","0","1"
"1710080","0","1"
"1710089","0","1"
"1710429","0","1"
"1710432","0","2"
"1710436","0","1"
"1710437","0","1"
"1710438","0","1"
"1711187","0","1"
"1711199","0","1"
"1711220","0","2"
"1711230","0","1"
"1765941","0","2"
"1766622","0","3"
"1766622","1","3"
"1766622","2","4"
"1766623","0","1"
"1772801","0","1"
"1772801","1","2"
"1787190","0","1"
"1787190","1","2"
"1787459","0","1"
"1787459","1","2"
"1819726","0","11"
"1819734","0","1"
"1819734","1","2"
"1819734","2","4"
"1837110","0","1"
"1837118","0","1"
"1837118","1","2"
"1837136","0","1"
"1837139","0","1"
"1845701","0","4"
"1845704","0","1"
"1846583","0","1"
"1846584","0","1"
"1846584","1","2"
"1846585","0","1"
"1846587","0","1"
"1846587","1","2"
"1846681","0","1"
"1846681","1","2"
"1846686","0","1"
"1846687","0","1"
"1846687","1","2"
"1847578","0","1"
"1847592","0","1"
"1847734","0","1"
"1854899","0","1"
"1854899","1","2"
"1854899","2","4"
"1858164","0","1"
"1858164","1","7"
"1859738","0","1"
"1859740","0","1"
"1859756","0","1"
"1860870","0","1"
"1862323","0","1"
"1862324","0","5"
"1862325","0","1"
"1862331","0","2"
"1866629","0","1428756138411"
"1870923","0","1"
"1870923","1","2"
"1870933","0","1"
"1870936","0","1"
"1870936","1","2"
"1870941","0","1"
"1870946","0","2"
"1870953","0","1"
"1870956","0","2"
"1870968","0","2"
"1870976","0","1"
"1870976","1","2"
"1873696","0","1"
"1873699","0","1"
"1878007","0","1"
"1878010","0","1"
"1887983","0","1"
"1887987","0","2"
"1887991","0","1"
"1887998","0","1"
"1888002","0","1"
"1888003","0","1"
"1888003","1","2"
"1888007","0","1"
"1888024","0","1"
"1888024","1","2"
"1888026","0","1"
"1888034","0","1"
"1888037","0","1"
"1888048","0","1"
"1888049","0","1"
"1888049","1","2"
"1888057","0","1"
"1888070","0","1"
"1888079","0","1"
"1888081","0","1"
"1892954","0","1"
"1898923","0","1"
"1898927","0","1"
"1898933","0","1"
"1898934","0","1"
"1898938","0","1"
"1898938","1","5"
"1898941","0","1"
"1898943","0","1"
"1898943","1","2"
"1898945","0","1"
"1898945","1","2"
"1898949","0","1"
"1898951","0","1"
"1898951","1","2"
"1910176","0","1"
"1910187","0","1"
"1914536","0","1"
"1914536","1","2"
"1914537","0","1"
"1914541","0","1"
"1914550","0","1"
"1914954","0","1"
"1916873","0","1"
"1921324","0","1"
"1921324","1","2"
"1921326","0","1"
"1921328","0","1"
"1921335","0","1"
"1935998","0","1"
"1936008","0","1"
"1936008","1","2"
"1936012","0","1"
"1936014","0","1"
"1936020","0","1"
"1936022","0","1"
"1936022","1","2"
"1941331","0","1"
"1941331","1","2"
"1945914","0","1"
"1945921","0","1"
"1945925","0","1"
"1945925","1","2"
"1945928","0","1"
"1945953","0","1"
"1947294","0","1"
"1947298","0","1"
"1947298","1","2"
"1948903","0","1"
"1949225","0","1"
"1951736","0","1"
"1951736","1","2"
"1951825","0","1"
"1951825","1","3"
"1956560","0","1"
"1961587","0","1"
"1961588","0","2"
"1961589","0","2"
"1961589","1","1"
"1961599","0","1"
"1961599","1","2"
"1962187","0","1"
"1962192","0","1"
"1963384","0","1"
"1963387","0","1"
"1963390","0","1"
"1963404","0","1"
"1967729","0","1"
"1967729","1","2"
"1967731","0","1"
"1967731","1","2"
"1969436","0","1"
"1973739","0","1"
"1975845","0","1"
"1975846","0","1"
"1975854","0","1"
"1975870","0","1"
"1975875","0","1"
"1976058","0","6"
"1976175","0","1"
"1986171","0","1"
"1987435","0","1"
"1987438","0","1"
"1987450","0","2"
"1987451","0","1"
"1987781","0","1"
"1987787","0","1"
"1987792","0","1"
"1990068","0","1"
"1990068","1","2"
"1990087","0","1"
"2009550","0","1"
"2009580","0","1428756138403"
"2010820","0","2"
"2011314","0","2"
"2011345","0","1"
"2011433","0","1"
"2011433","1","2"
"2013027","0","1"
"2013027","1","2"
"2020563","0","1"
"2051711","0","2"
"2082945","0","3"
"2082945","1","4"
"2082945","2","5"
"2091450","0","1"
"2091452","0","1"
"2091460","0","1"
"2100483","0","1"
"2101152","0","1"
"2101154","0","1"
"2101155","0","1"
"2101155","1","2"
"2101157","0","1"
"2101159","0","1"
"2101159","1","2"
"2101161","0","1"
"2101247","0","1"
"2107526","0","1"
"2107526","1","2"
"2122657","0","1"
"2123443","0","1"
"2123443","1","2"
"2125206","0","1"
"2131648","0","1"
"2131660","0","1"
"2131665","0","1"
"2131668","0","1"
"2131688","0","1"
"2131694","0","1"
"2131695","0","1"
"2133940","0","1"
"2133942","0","1"
"2153154","0","1"
"2153158","0","1"
"2153254","0","1"
"2153257","0","1"
"2153262","0","1"
"2154239","0","1"
"2154240","0","1"
"2156365","0","1"
"2156365","1","2"
"2156365","2","3"
"2156366","0","1"
"2156366","1","2"
"2156366","2","6"
"2156654","0","1"
"2188074","0","2"
"2188075","0","1"
"2188093","0","1"
"2188099","0","1"
"2188101","0","1"
"2200156","0","1"
"2203294","0","1"
"2203308","0","1"
"2203310","0","1"
"2203320","0","1"
"2203325","0","1"
"2211465","0","1"
"2211465","1","2"
"2211472","0","1"
"2211480","0","1"
"2211480","1","2"
"2211485","0","1"
"2211485","1","2"
"2211490","0","1"
"2211490","1","2"
"2211508","0","1"
"2211512","0","1"
"2213901","0","1"
"2219260","0","1"
"2219261","0","1"
"2219265","0","1"
"2230273","0","1"
"2230886","0","1"
"2230902","0","1"
"2230921","0","1"
"2233617","0","1"
"2242784","0","1"
"2242806","0","1"
"2244231","0","1"
"2244232","0","1"
"2244232","1","2"
"2244266","0","1"
"2244268","0","1"
"2248046","0","1"
"2248051","0","1"
"2250219","0","1"
"2250226","0","1"
"2250228","0","2"
"2250229","0","1"
"2250231","0","1"
"2250231","1","2"
"2250233","0","1"
"2250235","0","1"
"2250235","1","2"
"2250237","0","1"
"2250239","0","1"
"2253069","0","1"
"2253075","0","1"
"2253079","0","1"
"2253079","1","2"
"2253080","0","1"
"2253081","0","1"
"2256411","0","1"
"2256411","1","2"
"2256418","0","1"
"2265605","0","1"
"2265605","1","2"
"2265615","0","1"
"2265626","0","1"
"2265644","0","1"
"2265649","0","1"
"2270648","0","1"
"2284607","0","1"
"2286274","0","1"
"2295950","0","1"
"2295950","1","2"
"2295977","0","1"
"2295982","0","2"
"2302196","0","1"
"2302196","1","2"
"2302199","0","1"
"2306042","0","34"
"2312449","0","1"
"2312450","0","1"
"2312451","0","1"
"2312451","1","2"
"2312452","0","1"
"2315455","0","2"
"2316846","0","1"
"2316975","0","1"
"2321716","0","1"
"2321723","0","1"
"2321723","1","2"
"2321743","0","1"
"2321743","1","2"
"2327713","0","1"
"2327735","0","1"
"2327735","1","2"
"2327918","0","1"
"2327918","1","2"
"2327920","0","1"
"2327920","1","2"
"2327921","0","1"
"2327922","0","1"
"2327922","1","2"
"2333020","0","1"
"2333021","0","1"
"2333022","0","1"
"2333056","0","1"
"2333071","0","2"
"2351502","0","1"
"2358477","0","1"
"2358479","0","1"
"2358479","1","2"
"2358494","0","1"
"2361488","0","1"
"2361488","1","2"
"2361492","0","1"
"2372727","0","1"
"2372727","1","2"
"2372729","0","1"
"2372729","1","2"
"2377166","0","2"
"2377909","0","1"
"2377909","1","2"
"2377916","0","1"
"2377922","0","1"
"2377934","0","1"
"2377978","0","1"
"2377985","0","1"
"2387191","0","1"
"2387203","0","2"
"2387212","0","1"
"2387217","0","1"
"2387224","0","2"
"2387232","0","1"
"2387232","1","2"
"2387239","0","1"
"2387239","1","2"
"2387241","0","2"
"2387243","0","1"
"2387313","0","1"
"2387313","1","2"
"2402541","0","3"
"2406617","0","1"
"2406635","0","1"
"2406635","1","2"
"2406647","0","1"
"2413849","0","1"
"2414654","0","1"
"2414654","1","2"
"2414655","0","1"
"2414656","0","1"
"2422690","0","1"
"2422690","1","2"
"2422727","0","1"
"2424773","0","3"
"2425647","0","1"
"2427428","0","1"
"2427608","0","2"
"2427827","0","1"
"2438097","0","1"
"2446608","0","1"
"2455041","0","1"
"2455041","1","2"
"2460332","0","1"
"2460332","1","2"
"2460612","0","1"
"2464745","0","1"
"2469673","0","1"
"2476221","0","1"
"2476221","1","2"
"2476222","0","1"
"2476222","1","2"
"2477610","0","1"
"2477613","0","1"
"2477613","1","2"
"2487098","0","3"
"2487860","0","1"
"2487863","0","1"
"2487863","1","2"
"2487867","0","1"
"2487868","0","1"
"2487871","0","1"
"2487883","0","1"
"2496044","0","1"
"2496048","0","1"
"2496048","1","3"
"2496051","0","1"
"2496053","0","1"
"2496068","0","1"
"2496070","0","1"
"2496082","0","1"
"2496083","0","1"
"2498287","0","1"
"2498287","1","2"
"2498301","0","6"
"2499560","0","1"
"2499563","0","1"
"2504179","0","1"
"2504403","0","1"
"2504403","1","2"
"2508762","0","1"
"2508776","0","1"
"2508776","1","5"
"2508836","0","4"
"2508843","0","1"
"2508851","0","1"
"2508857","0","1"
"2508870","0","1"
"2508872","0","1"
"2508872","1","5"
"2508884","0","1"
"2508908","0","1"
"2508914","0","1"
"2508923","0","1"
"2508923","1","4"
"2508930","0","1"
"2508931","0","1"
"2508937","0","1"
"2508937","1","4"
"2508990","0","1"
"2508991","0","1"
"2508991","1","5"
"2509029","0","1"
"2509078","0","1"
"2509085","0","1"
"2509287","0","1"
"2511844","0","1"
"2511844","1","2"
"2553973","0","1"
"2553996","0","1"
"2553996","1","2"
"2559682","0","1"
"2559685","0","1"
"2566011","0","1"
"2566012","0","1"
"2566014","0","2"
"2566018","0","1"
"2566018","1","2"
"2567664","0","1"
"2567667","0","1"
"2567667","1","2"
"2567720","0","1"
"2567720","1","2"
"2578670","0","1"
"2588400","0","5"
"2600001","0","1"
"2600008","0","1"
"2600012","0","1"
"2609044","0","1"
"2620775","0","1"
"2626141","0","1"
"2630342","0","1"
"2654354","0","1"
"2655664","0","2"
"2655685","0","1"
"2660884","0","1"
"2663760","0","1"
"2663760","1","2"
"2666146","0","2"
"2666344","0","1"
"2680816","0","1"
"2681092","0","7"
"2681095","0","1"
"1853945","0","1"
"1853960","0","1"
"2681366","0","1"
"2681368","0","1"
"2681368","1","2"
"2681372","0","1"
"2681372","1","2"
"2681561","0","1"
"2681561","1","3"
"2681959","0","1"
"2681969","0","1"
"2681973","0","1"
"2681975","0","1"
"2681992","0","1"
"2681997","0","1"
"2681997","1","2"
"2681999","0","1"
"2682002","0","1"
"2689378","0","1"
"2689378","1","2"
"2689395","0","1"
"2689395","1","2"
"2689403","0","1"
"2689408","0","2"
"2689416","0","1"
"2689432","0","1"
"2689473","0","1"
"2689502","0","1"
"2689502","1","2"
"2689505","0","1"
"2689523","0","1"
"2689535","0","1"
"2692820","0","1"
"2692820","1","2"
"2692823","0","1"
"2692823","1","2"
"2692835","0","1"
"2692836","0","1"
"2692841","0","1"
"2692862","0","1"
"2692863","0","1"
"2692863","1","2"
"2692873","0","1"
"2692877","0","1"
"2692888","0","1"
"2692922","0","1"
"2692922","1","2"
"2692930","0","1"
"2692930","1","2"
"2692945","0","1"
"2692945","1","2"
"2692950","0","1"
"2692956","0","1"
"2696615","0","1"
"2696618","0","1"
"2696618","1","2"
"2696668","0","1"
"2696668","1","2"
"2696684","0","1"
"2697417","0","1"
"2697417","1","2"
"2712108","0","2"
"2712150","0","1"
"2712209","0","1"
"2712332","0","1"
"2712332","1","2"
"2712340","0","1"
"2712340","1","2"
"2712516","0","1"
"2712516","1","2"
"2712536","0","1"
"2712553","0","1"
"2715187","0","1"
"2715197","0","1"
"2715198","0","1"
"2715202","0","1"
"2715203","0","1"
"2715208","0","1"
"2715216","0","1"
"2715220","0","1"
"2718994","0","1"
"2718995","0","1"
"2719017","0","1"
"2719017","1","2"
"2721605","0","1"
"2721605","1","4"
"2721610","0","1"
"2721610","1","5"
"2721612","0","1"
"2721612","1","5"
"2721615","0","1"
"2721790","0","1"
"2721807","0","1"
"2724952","0","1"
"2724952","1","2"
"2724956","0","2"
"2724965","0","1"
"2724965","1","2"
"2724972","0","1"
"2724972","1","2"
"2725639","0","1"
"2729070","0","1"
"2729085","0","1"
"2729122","0","2"
"2736568","0","1"
"2736576","0","1"
"2736576","1","2"
"2736579","0","5"
"2736585","0","1"
"2736585","1","2"
"2754608","0","1"
"2754613","0","1"
"2754613","1","2"
"2754857","0","2"
"2769251","0","1"
"2769280","0","1"
"2769283","0","3"
"2769296","0","1"
"2769297","0","1"
"2788195","0","1"
"2788202","0","1"
"2788213","0","1"
"2788832","0","2"
"2788913","0","2"
"2789144","0","1"
"2789186","0","1"
"2803922","0","1"
"2803929","0","1"
"2803971","0","1"
"2812692","0","1"
"2812692","1","2"
"2812695","0","4"
"2812697","0","1"
"2812697","1","2"
"2812714","0","1"
"2812714","1","2"
"2812714","2","4"
"2814677","0","1"
"2814740","0","1"
"2814958","0","1"
"2832731","0","1"
"2837228","0","1"
"2837228","1","2"
"2838536","0","1"
"2838537","0","1"
"2838538","0","1"
"2838538","1","2"
"2838538","2","3"
"2838538","3","4"
"2838538","4","5"
"2838538","5","6"
"2838538","6","7"
"2838538","7","8"
"2838538","8","9"
"2838539","0","1"
"2838539","1","2"
"2838551","0","1"
"2838551","1","2"
"2838552","0","1"
"2838552","1","2"
"2838560","0","1"
"2838560","1","2"
"2838563","0","1"
"2838563","1","2"
"2838563","2","5"
"2838564","0","1"
"2838564","1","2"
"2864480","0","1"
"2864505","0","1"
"2864505","1","2"
"2870245","0","1"
"2870245","1","2"
"2880246","0","1"
"2889315","0","2"
"2889331","0","4"
"2889340","0","1"
"2889340","1","2"
"2889343","0","1"
"2889343","1","2"
"2889355","0","1"
"2889355","1","2"
"2889366","0","1"
"2889366","1","2"
"2889411","0","1"
"2890722","0","1"
"2890751","0","1"
"2894250","0","1"
"2894247","0","1"
"2896399","0","1"
"2896399","1","2"
"2896612","0","1"
"2896612","1","2"
"2896613","0","1"
"2896613","1","2"
"2896614","0","1"
"2896614","1","2"
"2896616","0","1"
"2896616","1","2"
"2896620","0","1"
"2896635","0","1"
"2896640","0","1"
"2896640","1","2"
"2896646","0","5"
"2896646","1","6"
"2896660","0","1"
"2896660","1","2"
"2896663","0","1"
"2896663","1","2"
"2896664","0","1"
"2896664","1","2"
"2896669","0","1"
"2896670","0","1"
"2896671","0","1"
"2896671","1","2"
"2896672","0","1"
"2896672","1","2"
"2896677","0","1"
"2896677","1","2"
"2896681","0","1"
"2896692","0","1"
"2896692","1","2"
"2896703","0","1"
"2896709","0","1"
"2896709","1","2"
"2896715","0","1"
"2896715","1","2"
"2896717","0","1"
"2896717","1","2"
"2896720","0","1"
"2896720","1","2"
"2897242","0","1"
"2897251","0","3"
"2897254","0","1"
"2897254","1","2"
"2897266","0","1"
"2897272","0","1"
"2898151","0","1"
"2898559","0","1"
"2899254","0","1"
"2899255","0","1"
"2900964","0","2"
"2900970","0","1"
"2900973","0","2"
"2901650","0","1"
"2901663","0","1"
"2908261","0","1"
"2908261","1","2"
"2909084","0","1"
"2909085","0","2"
"2909085","1","3"
"2909087","0","1"
"2909087","1","2"
"2909089","0","1"
"2909089","1","2"
"2909153","0","1"
"2909153","1","2"
"2909163","0","1"
"2909164","0","2"
"2911381","0","1"
"2912276","0","1"
"2912276","1","2"
"2912278","0","1"
"2912278","1","2"
"2912782","0","1"
"2912790","0","1"
"2912790","1","2"
"2912823","0","1"
"2912844","0","2"
"2912858","0","1"
"2912865","0","1"
"2912878","0","1"
"2912879","0","2"
"2912879","1","3"
"2912883","0","1"
"2912883","1","2"
"2912904","0","1"
"2912905","0","1"
"2912911","0","1"
"2912915","0","1"
"2912918","0","1"
"2912922","0","2"
"2912923","0","1"
"2912927","0","1"
"2912960","0","2"
"2914460","0","1"
"2914468","0","1"
"2914669","0","1"
"2914670","0","1"
"2914677","0","1"
"2914677","1","2"
"2914742","0","1"
"2916049","0","1"
"2916076","0","1"
"2916190","0","1"
"2916190","1","2"
"2916202","0","2"
"2916214","0","1"
"2916219","0","1"
"2916219","1","2"
"2916261","0","2"
"2916273","0","1"
"2916273","1","2"
"2916275","0","1"
"2916279","0","1"
"2916279","1","2"
"2916342","0","1"
"2916342","1","2"
"2916353","0","1"
"2916361","0","1"
"2916363","0","1"
"2917388","0","1"
"2917406","0","1"
"2917669","0","1"
"2917669","1","4"
"2917687","0","1"
"2917695","0","1"
"2917711","0","1"
"2917719","0","1"
"2917720","0","1"
"2917733","0","5"
"2917741","0","1"
"2917749","0","1"
"2917787","0","1"
"2917792","0","1"
"2917805","0","1"
"2917827","0","1"
"2917829","0","1"
"2919441","0","1"
"2925403","0","1"
"2925403","1","2"
"2925415","0","2"
"2925417","0","1"
"2925423","0","2"
"2925445","0","1"
"2925445","1","2"
"2925469","0","1"
"2925483","0","1"
"2926532","0","1"
"2926533","0","1"
"2926669","0","1"
"2926670","0","1"
"2928196","0","1"
"2928202","0","1"
"2928202","1","2"
"2929842","0","1"
"2929842","1","2"
"2929842","2","3"
"2929844","0","2"
"2931725","0","1"
"2936945","0","1"
"2936945","1","2"
"2942790","0","1"
"2942790","1","2"
"2945879","0","1"
"2945880","0","1"
"2945880","1","2"
"2945893","0","2"
"2945900","0","1"
"2945910","0","1"
"2945911","0","1"
"2945912","0","1"
"2945915","0","1"
"2945915","1","2"
"2945921","0","1"
"2945922","0","1"
"2945922","1","2"
"2945926","0","1"
"2945932","0","1"
"2945933","0","1"
"2945937","0","1"
"2945938","0","1"
"2945943","0","1"
"2945945","0","1"
"2945949","0","1"
"2945950","0","1"
"2945957","0","1"
"2945960","0","1"
"2945960","1","2"
"2945964","0","1"
"2945969","0","1"
"2945969","1","2"
"2945970","0","1"
"2945972","0","1"
"2945972","1","2"
"2945974","0","1"
"2945977","0","1"
"2945977","1","2"
"2945978","0","1"
"2946056","0","1"
"2946060","0","1"
"2946060","1","2"
"2946938","0","1"
"2946940","0","1"
"2946942","0","1"
"2946947","0","1"
"2946949","0","1"
"2946949","1","2"
"2956713","0","1"
"2956713","1","2"
"2956717","0","1"
"2956717","1","2"
"2956718","0","1"
"2956718","1","2"
"2956719","0","1"
"2956719","1","2"
"2956729","0","1"
"2956730","0","1"
"2956730","1","2"
"2957302","0","1"
"2963925","0","1"
"2963925","1","2"
"2964135","0","1"
"2964136","0","1"
"2964136","1","2"
"2964141","0","1"
"2964142","0","1"
"2964144","0","1"
"2964146","0","1"
"2964150","0","1"
"2964153","0","1"
"2964153","1","3"
"2964154","0","1"
"2966471","0","1"
"2966476","0","1"
"2966477","0","1"
"2966478","0","3"
"2966486","0","1"
"2966492","0","2"
"2966493","0","1"
"2966493","1","2"
"2968440","0","1"
"2968442","0","1"
"2968449","0","1"
"2968453","0","1"
"2968453","1","2"
"2968454","0","1"
"2968454","1","2"
"2968456","0","1"
"2968456","1","2"
"2968458","0","1"
"2968458","1","2"
"2968476","0","1"
"2968476","1","2"
"2970997","0","1"
"2971001","0","1"
"2971005","0","2"
"2971007","0","1"
"2971007","1","2"
"2971013","0","1"
"2971023","0","1"
"2971025","0","1"
"2971025","1","2"
"2971030","0","1"
"2976845","0","1"
"2976845","1","2"
"2976867","0","1"
"2976869","0","1"
"2976878","0","1"
"2976878","1","2"
"2976896","0","1"
"2976905","0","1"
"2976905","1","2"
"2978451","0","1"
"2978451","1","2"
"2978465","0","1"
"2978465","1","2"
"2978484","0","1"
"2978541","0","1"
"2978544","0","1"
"2978559","0","2"
"2978619","0","1"
"2978620","0","1"
"2978620","1","2"
"2978624","0","1"
"2978626","0","1"
"2978627","0","1"
"2978627","1","2"
"2978628","0","1"
"2978628","1","2"
"2978635","0","1"
"2978635","1","2"
"2978637","0","1"
"2978638","0","1"
"2978638","1","2"
"2978641","0","1"
"2978641","1","2"
"2978642","0","1"
"2978642","1","2"
"2978644","0","1"
"2978644","1","2"
"2978674","0","1"
"2978674","1","3"
"2978676","0","1"
"2978676","1","2"
"2978679","0","1"
"2978679","1","2"
"2979508","0","1"
"2979510","0","1"
"2980660","0","1"
"2980673","0","1"
"2980673","1","2"
"2980687","0","1"
"2980688","0","1"
"2980692","0","1"
"2980692","1","2"
"2980695","0","1"
"2980698","0","1"
"2980728","0","1"
"2980728","1","2"
"2988027","0","1"
"2988027","1","2"
"2988035","0","1"
"2988035","1","2"
"2988039","0","1"
"2988053","0","1"
"2988055","0","1"
"2989177","0","1"
"2989178","0","1"
"2989178","1","2"
"2989180","0","1"
"2989180","1","2"
"2989181","0","2"
"2989183","0","1"
"2989185","0","1"
"2989185","1","2"
"2989188","0","1"
"2992932","0","1"
"2992943","0","1"
"2992988","0","1"
"2992988","1","2"
"2992997","0","2"
"2993101","0","1"
"2993101","1","2"
"2993111","0","1"
"2993118","0","2"
"2993130","0","3"
"2993132","0","1"
"2993132","1","2"
"2993135","0","1"
"2993175","0","1"
"2993175","1","2"
"2994940","0","1"
"2994942","0","1"
"2994944","0","1"
"2994954","0","1"
"2994960","0","1"
"3001510","0","1"
"3001510","1","2"
"3001511","0","1"
"3001514","0","1"
"3001515","0","1"
"3001517","0","1"
"3001517","1","2"
"3001519","0","1"
"3001519","1","2"
"3001520","0","1"
"3001520","1","2"
"3001522","0","1"
"3001524","0","1"
"3001528","0","1"
"3001528","1","2"
"3001529","0","1"
"3001529","1","2"
"3001537","0","1"
"2989382","0","1"
"2989382","1","2"
"2999661","0","1"
"3002979","0","1"
"3002979","1","2"
"3003005","0","1"
"3003009","0","1"
"3003014","0","1"
"3003028","0","1"
"3003033","0","1"
"3003033","1","2"
"3003040","0","1"
"3003152","0","1"
"3003152","1","2"
"3003190","0","1"
"3003197","0","1"
"3003197","1","2"
"3003199","0","1"
"3003203","0","2"
"3012125","0","1"
"3012125","1","2"
"3012125","2","3"
"3012132","0","1"
"3012132","1","2"
"3024596","0","1"
"3024971","0","1"
"3028704","0","1"
"3028704","1","2"
"3030853","0","1"
"3030853","1","2"
"3030872","0","1"
"3032594","0","1"
"3042214","0","1"
"3044197","0","1425016297938"
"3046108","0","1"
"3046109","0","1"
"3046109","1","2"
"3046110","0","1"
"3046110","1","2"
"3047460","0","1"
"3047460","1","2"
"3053993","0","1"
"3053993","1","2"
"3053996","0","1"
"3053998","0","1"
"3053998","1","2"
"3054001","0","1"
"3054004","0","1"
"3054004","1","2"
"3054025","0","1"
"3054025","1","2"
"3054027","0","1"
"3054027","1","2"
"3079447","0","1"
"3079447","1","2"
"3079455","0","1"
"3079480","0","1"
"3079480","1","2"
"3085075","0","1"
"3085108","0","1"
"3085108","1","2"
"3092858","0","1"
"3101262","0","1"
"3101262","1","2"
"3101267","0","1"
"3101294","0","2"
"3101299","0","1"
"3101299","1","2"
"3101303","0","1"
"3101307","0","1"
"3101307","1","2"
"3101309","0","1"
"3101309","1","2"
"3102278","0","1"
"3102340","0","1"
"3104398","0","1"
"3104426","0","1"
"3104426","1","2"
"3104433","0","1"
"3104435","0","1"
"3104435","1","2"
"3104442","0","1"
"3104445","0","1"
"3104445","1","2"
"3104458","0","1"
"3104461","0","1"
"3104468","0","1"
"3104468","1","2"
"3104485","0","1"
"3104488","0","1"
"3104492","0","1"
"3104495","0","1"
"3104498","0","1"
"3104498","1","2"
"3104500","0","1"
"3105296","0","1"
"3105306","0","1"
"3105306","1","2"
"3105309","0","1"
"3105309","1","2"
"3105310","0","1"
"3105310","1","2"
"3105328","0","1"
"3105330","0","1"
"3105574","0","1"
"3105574","1","2"
"3105581","0","1"
"3105583","0","1"
"3105583","1","2"
"3105594","0","1"
"3105594","1","2"
"3105596","0","1"
"3105596","1","2"
"3105604","0","1"
"3105605","0","1"
"3105605","1","2"
"3111911","0","1"
"3111944","0","1"
"3111944","1","2"
"3111973","0","1"
"3112005","0","1"
"3112006","0","1"
"3112007","0","1"
"3119081","0","1"
"3119081","1","2"
"3119084","0","1"
"3119084","1","2"
"3119085","0","1"
"3119087","0","1"
"3119087","1","2"
"3119093","0","1"
"3119096","0","1"
"3119096","1","2"
"3121023","0","1"
"3121023","1","2"
"3121037","0","1"
"3121037","1","2"
"3121051","0","1"
"3121051","1","2"
"3121054","0","1"
"3121054","1","2"
"3121062","0","1"
"3128458","0","1"
"3128458","1","2"
"3128459","0","1"
"3128459","1","2"
"3128460","0","1"
"3128476","0","1"
"3128476","1","2"
"3128480","0","1"
"3128561","0","1"
"3128663","0","1"
"3139025","0","1"
"3139025","1","2"
"3139031","0","1"
"3141847","0","1"
"3141847","1","2"
"3141851","0","1"
"3141884","0","1"
"3151747","0","1"
"3151747","1","2"
"3151748","0","1"
"3151754","0","1"
"3151754","1","2"
"3151757","0","1"
"3151757","1","2"
"3151760","0","1"
"3151761","0","1"
"3151768","0","1"
"3151773","0","1"
"3151799","0","1"
"3154758","0","1"
"3171575","0","1"
"3173866","0","1"
"3173878","0","1"
"3173878","1","2"
"3173893","0","1"
"3175584","0","1"
"3175591","0","1"
"3175591","1","2"
"3175593","0","1"
"3175596","0","2"
"3175603","0","1"
"3179143","0","1"
"3179143","1","2"
"3179150","0","1"
"3182920","0","1"
"3182930","0","1"
"3185257","0","1"
"3185257","1","2"
"3185261","0","1"
"3185684","0","1"
"3185690","0","1"
"3185693","0","1"
"3191157","0","1"
"3191161","0","1"
"3200434","0","1"
"3200434","1","2"
"3200440","0","1"
"3219108","0","1"
"3219126","0","1"
"3219126","1","2"
"3219127","0","1"
"3219127","1","2"
"3219131","0","1"
"3219135","0","1"
"3219141","0","1"
"3219144","0","1"
"3219144","1","2"
"3223404","0","1"
"3223498","0","1"
"3254447","0","1"
"3254447","1","2"
"3279961","0","1"
"3279966","0","1"
"3279966","1","2"
"3279967","0","1"
"3297190","0","1"
"3297191","0","1"
"3303862","0","1"
"3316583","0","1"
"3316583","1","2"
"3316583","2","3"
"3337940","0","1"
"3337941","0","1"
"3337944","0","1"
"3342292","0","1"
"3342292","1","2"
"3357705","0","1"
"3364713","0","1"
"3373340","0","2"
"3374983","0","1"
"3389973","0","1"
"3389973","1","2"
"3397020","0","1"
"3397020","1","2"
"3411175","0","1"
"3418695","0","1"
"3418695","1","2"
"3418697","0","1"
"3418697","1","2"
"3418703","0","1"
"3418715","0","1"
"3426587","0","1"
"3426587","1","2"
"3426616","0","2"
"3432045","0","1"
"3432050","0","1"
"3432050","1","2"
"3432062","0","1"
"3435978","0","1"
"3435995","0","1"
"3435998","0","1"
"3436004","0","1"
"3436005","0","1"
"3436021","0","1"
"3437315","0","1"
"3437315","1","2"
"3437321","0","1"
"3437321","1","2"
"3441939","0","1"
"3538496","0","1"
"3730013","0","1"
"3737036","0","1"
"3737036","1","2"
"3783511","0","1"
"3783511","1","2"
"3858705","0","1"
"3858706","0","6"
"3858710","0","1"
"3858710","1","5"
"3858726","0","5"
"3858730","0","1"
"3858737","0","1"
"3858745","0","1"
"3858745","1","5"
"3858826","0","1"
"3858831","0","1"
"3858880","0","1"
"3858880","1","5"
"3858904","0","1"
"3858904","1","5"
"3858908","0","7"
"3858937","0","1"
"3858953","0","1"
"3858991","0","1"
"3858997","0","1"
"3858997","1","6"
"3859003","0","1"
"3910907","0","2"
"3910910","0","23"
"3910912","0","2"
"3910912","1","3"
"3910913","0","25"
"3910913","1","26"
"3910913","2","27"
"3910956","0","1"
"3910956","1","2"
"3910962","0","1"
"3910962","1","4"
"3910962","2","3"
"3910962","3","4"
"3910962","4","5"
"3910963","0","2"
"3910981","0","2"
"3910981","1","3"
"3911002","0","1"
"3911002","1","2"
"3911002","2","3"
"3911004","0","1"
"3911005","0","1"
"3911005","1","2"
"3911005","2","3"
"3911006","0","1"
"3911006","1","2"
"3911006","2","3"
"3911007","0","1"
"3911009","0","1"
"3911009","1","2"
"3911009","2","3"
"3911010","0","1"
"3911010","1","2"
"3911010","2","3"
"3911010","3","4"
"3911019","0","1"
"3911019","1","2"
"3911019","2","3"
"3911019","3","4"
"3995338","0","1"
"3995338","1","2"
"3995366","0","1"
"4048511","0","1"
"4048527","0","2"
"4049861","0","1"
"4049879","0","1"
"4049880","0","1"
"4049882","0","1"
"4049882","1","2"
"4052148","0","1"
"4052148","1","2"
"4052163","0","1"
"4052163","1","2"
"4052166","0","1"
"4052187","0","1"
"4052195","0","1"
"4052222","0","1"
"4052239","0","1"
"4055940","0","1"
"4055942","0","1"
"4058673","0","1"
"4058683","0","1"
"4058694","0","1"
"4058694","1","2"
"4058702","0","1"
"4058702","1","2"
"4061668","0","1"
"4061676","0","1"
"7320136","0","1"
"7320136","1","2"
