"main.id","hpq_phiheal_ofw_mem.id","phiheal_ofw_mem_refno"
"56801","0","1"
"59181","0","1"
"59181","1","3"
"61415","0","1"
"67555","0","2"
"67555","1","3"
"67555","2","4"
"67555","3","5"
"67555","4","7"
"67895","0","2"
"68860","0","2"
"70317","0","2"
"70317","1","4"
"67509","0","1"
"68915","0","2"
"68924","0","1"
"68927","0","2"
"72099","0","1"
"72099","1","2"
"72099","2","3"
"72099","3","4"
"72909","0","1"
"72909","1","2"
"72909","2","3"
"72910","0","2"
"72910","1","1"
"88725","0","2"
"98328","0","1"
"98726","0","4"
"98753","0","1"
"98753","1","2"
"98753","2","4"
"98757","0","1"
"98757","1","2"
"98757","2","3"
"98757","3","4"
"98757","4","5"
"98757","5","6"
"98757","6","7"
"99433","0","7"
"99433","1","10"
"99433","2","11"
"99433","3","12"
"99452","0","2"
"99452","1","3"
"99452","2","4"
"99452","3","5"
"99452","4","6"
"99452","5","7"
"99452","6","8"
"103291","0","1"
"103541","0","3"
"104502","0","4"
"104502","1","3"
"104537","0","1"
"104537","1","3"
"104514","0","3"
"104514","1","4"
"110216","0","3"
"111938","0","4"
"115643","0","1"
"115647","0","2"
"116497","0","1"
"116497","1","2"
"116497","2","3"
"116497","3","4"
"116529","0","1"
"116529","1","2"
"116529","2","3"
"116529","3","4"
"116529","4","5"
"116529","5","6"
"122414","0","1"
"122414","1","3"
"122428","0","6"
"122428","1","8"
"122428","2","9"
"122432","0","1"
"122432","1","2"
"122432","2","3"
"122432","3","4"
"129189","0","1"
"129198","0","1"
"129199","0","1"
"129199","1","2"
"129199","2","3"
"129549","0","1"
"129557","0","1"
"129572","0","1"
"129575","0","3"
"129578","0","1"
"129582","0","3"
"129584","0","5"
"129617","0","2"
"129625","0","1"
"129655","0","2"
"130835","0","1"
"130835","1","2"
"130835","2","3"
"130835","3","4"
"133430","0","3"
"133433","0","3"
"133434","0","3"
"137421","0","2"
"137706","0","1"
"137707","0","2"
"137736","0","2"
"140938","0","1"
"140942","0","1"
"140943","0","1"
"142567","0","2"
"143695","0","2"
"143695","1","3"
"143695","2","4"
"145873","0","2"
"145877","0","1"
"145901","0","1"
"145921","0","6"
"145921","1","3"
"145927","0","1"
"145944","0","9"
"146200","0","1"
"146200","1","2"
"149101","0","3"
"151486","0","1"
"151486","1","2"
"151486","2","4"
"151486","3","5"
"153142","0","1"
"153153","0","1"
"153154","0","1"
"155170","0","1"
"155170","1","2"
"155170","2","3"
"155184","0","1"
"155184","1","2"
"155184","2","3"
"155184","3","4"
"155184","4","5"
"160459","0","2"
"160561","0","1"
"160577","0","2"
"162460","0","1"
"162460","1","2"
"162461","0","1"
"162461","1","2"
"162461","2","3"
"162477","0","2"
"162477","1","3"
"164137","0","1"
"164143","0","1"
"164800","0","3"
"164802","0","1"
"165473","0","1"
"165473","1","2"
"165473","2","3"
"165473","3","4"
"165477","0","1"
"165477","1","4"
"165477","2","5"
"165477","3","6"
"166237","0","3"
"172560","0","3"
"176846","0","3"
"176869","0","2"
"176902","0","1"
"176948","0","1"
"176955","0","3"
"176981","0","1"
"176988","0","1"
"177551","0","1"
"177551","1","2"
"182913","0","1"
"182913","1","3"
"182913","2","4"
"182913","3","5"
"183243","0","1"
"183243","1","2"
"183243","2","3"
"183786","0","1"
"183786","1","3"
"183795","0","1"
"183795","1","2"
"192127","0","1"
"192127","1","2"
"192127","2","3"
"192143","0","1"
"192143","1","2"
"192143","2","3"
"192143","3","4"
"192164","0","1"
"192164","1","2"
"192170","0","1"
"192170","1","2"
"192189","0","1"
"192189","1","2"
"192189","2","3"
"192814","0","1"
"192856","0","2"
"192873","0","2"
"192887","0","1"
"199245","0","4"
"199245","1","5"
"204938","0","1"
"204943","0","1"
"204951","0","1"
"213414","0","1"
"217968","0","1"
"222326","0","2"
"233562","0","1"
"233597","0","2"
"233633","0","1"
"233635","0","2"
"235943","0","1"
"235943","1","2"
"235943","2","3"
"235943","3","4"
"235943","4","5"
"235943","5","6"
"235980","0","2"
"235980","1","1"
"235980","2","3"
"236037","0","2"
"236037","1","1"
"236037","2","3"
"236037","3","4"
"236037","4","5"
"236065","0","1"
"236065","1","2"
"236065","2","3"
"236065","3","4"
"236336","0","1"
"236336","1","2"
"236336","2","9"
"244061","0","2"
"244061","1","3"
"249550","0","1"
"249550","1","3"
"249567","0","1"
"249567","1","4"
"249571","0","1"
"249571","1","3"
"249571","2","4"
"249572","0","1"
"249572","1","2"
"249572","2","3"
"249572","3","4"
"254257","0","1406026538470"
"261995","0","3"
"263963","0","3"
"268316","0","1"
"268316","1","2"
"268316","2","3"
"268316","3","4"
"268323","0","1"
"268323","1","2"
"278032","0","1"
"278032","1","2"
"278032","2","3"
"278410","0","1"
"278410","1","2"
"278410","2","3"
"278410","3","4"
"278415","0","1"
"278415","1","2"
"278431","0","1"
"278431","1","2"
"278431","2","3"
"278431","3","4"
"278431","4","5"
"278431","5","6"
"278431","6","7"
"278469","0","1"
"278469","1","2"
"278469","2","3"
"278533","0","1"
"278533","1","2"
"278541","0","3"
"278541","1","4"
"278541","2","5"
"280265","0","1"
"280265","1","2"
"280265","2","4"
"280275","0","1"
"280275","1","12"
"280275","2","13"
"280275","3","14"
"280275","4","15"
"280719","0","1"
"280719","1","2"
"280719","2","3"
"280719","3","4"
"280726","0","1"
"280726","1","2"
"280726","2","3"
"280762","0","1"
"289302","0","1"
"289302","1","4"
"289302","2","5"
"289302","3","6"
"293618","0","2"
"293645","0","1"
"293645","1","2"
"293645","2","3"
"293645","3","4"
"293645","4","5"
"293754","0","2"
"293754","1","3"
"293754","2","4"
"293754","3","5"
"293754","4","6"
"293759","0","1"
"293759","1","2"
"293759","2","3"
"293778","0","8"
"293778","1","9"
"294535","0","1"
"294535","1","2"
"294535","2","4"
"294813","0","1"
"294813","1","2"
"294813","2","3"
"294813","3","4"
"302992","0","1"
"302992","1","4"
"302992","2","5"
"302992","3","6"
"303000","0","3"
"327670","0","1"
"327670","1","9"
"327670","2","10"
"327670","3","11"
"327675","0","6"
"337270","0","1"
"337270","1","2"
"337270","2","3"
"340018","0","1"
"340018","1","2"
"340018","2","3"
"340020","0","1"
"340020","1","2"
"340020","2","3"
"340020","3","4"
"340020","4","5"
"346905","0","3"
"350413","0","1"
"350413","1","2"
"350456","0","1"
"350456","1","2"
"350456","2","3"
"351573","0","1"
"351573","1","2"
"357015","0","1"
"357018","0","1"
"357018","1","2"
"357018","2","3"
"357018","3","4"
"357018","4","5"
"357018","5","6"
"357020","0","1"
"357020","1","2"
"357020","2","5"
"357025","0","2"
"358602","0","1"
"358653","0","2"
"358729","0","2"
"358729","1","3"
"367448","0","1"
"367448","1","2"
"367448","2","3"
"372949","0","2"
"372949","1","1"
"372949","2","3"
"372956","0","1"
"372956","1","2"
"372956","2","3"
"372971","0","2"
"372971","1","1"
"372971","2","3"
"372971","3","4"
"372971","4","5"
"373020","0","1"
"373020","1","2"
"373020","2","3"
"373020","3","4"
"373070","0","1"
"373096","0","1"
"373096","1","2"
"373096","2","3"
"373096","3","4"
"373348","0","1"
"373348","1","2"
"373348","2","3"
"373348","3","4"
"373348","4","5"
"376926","0","1"
"376950","0","1"
"376950","1","2"
"376950","2","3"
"376956","0","1"
"376964","0","1"
"376968","0","1"
"376972","0","7"
"376980","0","1"
"376980","1","2"
"376980","2","3"
"377045","0","1"
"377054","0","1"
"398593","0","3"
"398593","1","4"
"398593","2","5"
"398934","0","1"
"400763","0","3"
"400781","0","1"
"400781","1","2"
"400781","2","3"
"400781","3","4"
"403093","0","1"
"403093","1","3"
"403153","0","1"
"403153","1","2"
"403153","2","3"
"403153","3","4"
"403180","0","1"
"403356","0","1"
"403356","1","2"
"403356","2","3"
"403654","0","1"
"403654","1","2"
"403654","2","3"
"403656","0","2"
"403656","1","3"
"403656","2","4"
"403671","0","1"
"403671","1","2"
"403671","2","3"
"403671","3","4"
"403748","0","2"
"403748","1","3"
"403748","2","4"
"403873","0","1"
"403888","0","1"
"403888","1","2"
"403901","0","1"
"403901","1","2"
"403901","2","3"
"429288","0","1"
"429329","0","1"
"429329","1","2"
"429353","0","1"
"429582","0","1"
"442755","0","1"
"442779","0","1"
"442779","1","2"
"442779","2","3"
"442779","3","4"
"443653","0","2"
"444848","0","1"
"444848","1","2"
"444848","2","4"
"444850","0","1"
"444850","1","2"
"444850","2","3"
"455275","0","1"
"457706","0","4"
"457706","1","5"
"457706","2","6"
"457706","3","7"
"457706","4","8"
"457706","5","9"
"467803","0","1"
"467803","1","2"
"467803","2","3"
"467803","3","4"
"467830","0","1"
"467830","1","2"
"467830","2","3"
"467896","0","1"
"467896","1","2"
"467896","2","3"
"467896","3","4"
"467915","0","1"
"467915","1","2"
"467915","2","3"
"467915","3","4"
"467979","0","1"
"467979","1","2"
"467979","2","3"
"467979","3","4"
"467979","4","5"
"467979","5","6"
"467985","0","1"
"467985","1","2"
"467985","2","5"
"468053","0","1"
"468053","1","2"
"468053","2","3"
"468088","0","1"
"468088","1","6"
"468088","2","7"
"468088","3","8"
"468088","4","9"
"468102","0","1"
"468102","1","4"
"468691","0","2"
"468691","1","3"
"468691","2","4"
"468691","3","5"
"468691","4","6"
"477288","0","4"
"477289","0","1"
"477297","0","3"
"477304","0","2"
"483940","0","1"
"484499","0","1"
"486888","0","3"
"486888","1","3"
"486888","2","2"
"486892","0","1"
"486892","1","2"
"486892","2","3"
"468732","0","1"
"468732","1","2"
"468732","2","3"
"468732","3","4"
"468732","4","5"
"489429","0","2"
"489431","0","1"
"494084","0","1"
"494084","1","2"
"494084","2","3"
"494084","3","4"
"494281","0","1"
"494281","1","6"
"495156","0","1"
"498975","0","1"
"499047","0","3"
"499862","0","9"
"500294","0","1"
"500294","1","2"
"500294","2","3"
"500294","3","4"
"500294","4","5"
"500294","5","6"
"500762","0","1"
"500762","1","2"
"500762","2","3"
"500762","3","4"
"500863","0","1"
"500934","0","1"
"500934","1","2"
"500937","0","2"
"500937","1","3"
"500937","2","4"
"500937","3","5"
"500954","0","1"
"500954","1","2"
"500954","2","3"
"500954","3","4"
"500989","0","1"
"500989","1","2"
"500989","2","3"
"501032","0","1"
"501123","0","1"
"501123","1","2"
"501123","2","3"
"501123","3","4"
"501123","4","5"
"501160","0","1"
"501160","1","3"
"501160","2","4"
"501160","3","5"
"501176","0","3"
"501176","1","5"
"501176","2","6"
"501198","0","2"
"502304","0","3"
"505837","0","2"
"506994","0","1"
"508959","0","1"
"508959","1","2"
"508959","2","3"
"508959","3","4"
"509109","0","1"
"509109","1","2"
"512207","0","2"
"512207","1","1"
"512220","0","1"
"512220","1","2"
"512220","2","3"
"512487","0","2"
"512487","1","3"
"512487","2","4"
"512831","0","1"
"512831","1","2"
"512831","2","3"
"512831","3","4"
"512831","4","5"
"513766","0","1"
"513815","0","1"
"513987","0","3"
"513994","0","1"
"513994","1","2"
"516781","0","1"
"516781","1","2"
"516781","2","3"
"517572","0","1"
"517572","1","2"
"517572","2","3"
"324995","0","3"
"324959","0","3"
"352067","0","1"
"352068","0","1"
"377849","0","1"
"377852","0","2"
"377878","0","1"
"377898","0","2"
"442466","0","4"
"442466","1","5"
"442685","0","1"
"442705","0","2"
"442722","0","1"
"521170","0","1"
"521170","1","2"
"521170","2","3"
"523441","0","1"
"523441","1","2"
"523441","2","3"
"523441","3","4"
"523441","4","5"
"523697","0","1"
"523697","1","2"
"523697","2","3"
"523697","3","4"
"523697","4","5"
"524093","0","1"
"524093","1","2"
"524116","0","3"
"524352","0","1"
"524352","1","2"
"524352","2","3"
"524352","3","4"
"524352","4","5"
"524352","5","6"
"524357","0","3"
"528573","0","3"
"528573","1","4"
"528595","0","1"
"528595","1","2"
"528595","2","3"
"528595","3","4"
"538739","0","7"
"538854","0","9"
"538855","0","2"
"538879","0","2"
"538915","0","3"
"538922","0","2"
"545612","0","3"
"545616","0","1"
"545616","1","2"
"545616","2","3"
"545616","3","4"
"551728","0","1"
"551729","0","1"
"551730","0","1"
"551731","0","1"
"551828","0","6"
"555691","0","2"
"565948","0","1"
"565948","1","4"
"565948","2","5"
"586415","0","2"
"586439","0","2"
"586536","0","2"
"586583","0","1"
"589283","0","1"
"593844","0","1"
"593851","0","1"
"593899","0","1"
"593909","0","1"
"593913","0","1"
"593928","0","2"
"593933","0","2"
"593953","0","3"
"593954","0","1"
"593983","0","2"
"594033","0","1"
"594055","0","3"
"594075","0","2"
"594075","1","3"
"594077","0","1"
"594089","0","2"
"594095","0","3"
"594121","0","1"
"594122","0","1"
"596942","0","3"
"596956","0","2"
"596974","0","2"
"596984","0","2"
"596984","1","4"
"597426","0","7"
"597595","0","2"
"615156","0","1"
"615156","1","3"
"615163","0","1"
"615163","1","2"
"615163","2","3"
"615163","3","4"
"629139","0","1"
"629139","1","3"
"629148","0","1"
"629148","1","2"
"629148","2","3"
"629148","3","4"
"629809","0","2"
"642935","0","2"
"642939","0","3"
"642947","0","2"
"642963","0","13"
"642963","1","14"
"643016","0","1"
"643016","1","2"
"643016","2","3"
"653840","0","1415069642366"
"653840","1","1415069642365"
"653840","2","1415069642367"
"657609","0","1"
"657609","1","2"
"657609","2","3"
"663558","0","3"
"663558","1","1"
"663558","2","2"
"665113","0","1"
"665115","0","1"
"665124","0","1"
"667391","0","1"
"667391","1","2"
"667391","2","3"
"667391","3","4"
"667391","4","5"
"667396","0","1"
"667396","1","2"
"667396","2","3"
"667396","3","4"
"667396","4","5"
"667425","0","1"
"667425","1","2"
"669769","0","2"
"669769","1","1"
"669769","2","3"
"669769","3","4"
"680155","0","1"
"680155","1","7"
"684629","0","2"
"684632","0","2"
"685368","0","1"
"685374","0","1"
"685379","0","3"
"701551","0","1"
"684587","0","1"
"684587","1","2"
"684587","2","3"
"714071","0","1"
"714071","1","2"
"716400","0","2"
"716417","0","3"
"726007","0","4"
"726008","0","2"
"726015","0","2"
"726649","0","1"
"727071","0","1"
"727071","1","2"
"727071","2","3"
"727071","3","4"
"727071","4","5"
"727114","0","3"
"727114","1","4"
"727114","2","5"
"727114","3","6"
"727114","4","7"
"727150","0","2"
"728229","0","2"
"744934","0","1"
"744934","1","2"
"744934","2","3"
"751499","0","4"
"751503","0","1"
"786482","0","2"
"788936","0","2"
"788943","0","1"
"788944","0","3"
"790268","0","1"
"790291","0","1"
"802178","0","3"
"803571","0","1"
"803571","1","2"
"803571","2","3"
"807804","0","5"
"807804","1","6"
"807804","2","7"
"817373","0","1"
"817373","1","2"
"817373","2","3"
"833328","0","2"
"833683","0","3"
"833685","0","1"
"833702","0","1"
"833704","0","3"
"833724","0","3"
"833728","0","4"
"833760","0","2"
"833772","0","1"
"833777","0","3"
"833815","0","1"
"833821","0","1"
"833822","0","1"
"833829","0","2"
"836191","0","2"
"836227","0","1"
"836240","0","1"
"836243","0","1"
"842091","0","1"
"845369","0","5"
"845455","0","1"
"845455","1","2"
"845455","2","3"
"845455","3","4"
"845455","4","5"
"845493","0","1"
"845493","1","2"
"845493","2","3"
"845536","0","1"
"845536","1","2"
"845542","0","1"
"845542","1","2"
"845542","2","3"
"845542","3","4"
"845542","4","5"
"845646","0","1"
"845646","1","3"
"845646","2","4"
"845646","3","5"
"845654","0","1"
"845654","1","3"
"845654","2","4"
"845654","3","5"
"845654","4","6"
"845691","0","1"
"866429","0","1"
"866430","0","3"
"866436","0","2"
"866487","0","2"
"866930","0","1"
"866930","1","2"
"866930","2","3"
"869762","0","2"
"869765","0","1"
"872021","0","1"
"872042","0","1"
"872042","1","4"
"872058","0","1"
"872058","1","2"
"872058","2","3"
"872058","3","4"
"872059","0","2"
"874405","0","1"
"874405","1","2"
"874631","0","1"
"877783","0","1"
"880868","0","2"
"883092","0","2"
"883092","1","3"
"883092","2","4"
"883152","0","2"
"885640","0","4"
"885644","0","2"
"886793","0","2"
"888848","0","1"
"888853","0","1"
"890682","0","2"
"892896","0","1"
"892896","1","3"
"892899","0","1"
"892899","1","2"
"892899","2","3"
"892899","3","4"
"892899","4","5"
"892949","0","2"
"892949","1","3"
"892949","2","4"
"892949","3","5"
"892949","4","1"
"892996","0","1"
"892996","1","2"
"892996","2","3"
"892996","3","4"
"892996","4","5"
"894667","0","1"
"894674","0","1"
"896612","0","5"
"896614","0","1"
"896625","0","2"
"896879","0","2"
"896879","1","3"
"897645","0","3"
"897654","0","7"
"899024","0","1"
"899038","0","1"
"899047","0","1"
"899062","0","2"
"900920","0","1"
"900920","1","2"
"900920","2","3"
"901202","0","2"
"901524","0","1"
"901524","1","2"
"901524","2","3"
"901524","3","4"
"901555","0","2"
"901555","1","1"
"901555","2","3"
"901555","3","4"
"903111","0","2"
"903111","1","3"
"896873","0","1"
"896873","1","2"
"904367","0","2"
"904368","0","1"
"904374","0","1"
"904387","0","2"
"904395","0","2"
"906309","0","2"
"906608","0","2"
"906608","1","3"
"913725","0","1"
"913725","1","2"
"913725","2","3"
"913725","3","4"
"913781","0","1"
"913781","1","2"
"913781","2","3"
"913788","0","1"
"913788","1","2"
"913788","2","3"
"913788","3","4"
"913791","0","1"
"913791","1","2"
"913791","2","3"
"913791","3","4"
"919296","0","1"
"919296","1","2"
"919296","2","3"
"919296","3","4"
"919296","4","5"
"919296","5","6"
"919296","6","7"
"919296","7","8"
"919296","8","9"
"924593","0","3"
"924636","0","1"
"924710","0","3"
"924720","0","3"
"924720","1","5"
"924833","0","1"
"925657","0","1"
"926417","0","3"
"926850","0","1"
"926850","1","2"
"926850","2","3"
"927001","0","1"
"927001","1","3"
"927078","0","3"
"927080","0","3"
"927080","1","4"
"927104","0","5"
"927117","0","1"
"927117","1","2"
"928210","0","2"
"928210","1","3"
"928878","0","1"
"928878","1","2"
"928878","2","3"
"929144","0","1"
"929144","1","2"
"929144","2","3"
"930330","0","2"
"933066","0","1"
"933352","0","3"
"933381","0","1"
"933550","0","1"
"933578","0","1"
"935187","0","2"
"936107","0","1"
"936130","0","4"
"939312","0","1"
"945206","0","3"
"945208","0","1"
"945208","1","2"
"945208","2","3"
"946137","0","2"
"946741","0","6"
"949274","0","1"
"949274","1","2"
"949274","2","3"
"949274","3","4"
"953533","0","1"
"953533","1","2"
"953533","2","3"
"953533","3","4"
"953533","4","5"
"953535","0","2"
"962874","0","4"
"962875","0","2"
"963773","0","2"
"964051","0","2"
"964064","0","1"
"964067","0","2"
"964067","1","5"
"965145","0","1425140600393"
"965150","0","1425140600404"
"965177","0","1425140600406"
"965184","0","1425140600407"
"966577","0","1"
"966694","0","1"
"966700","0","2"
"973742","0","1"
"977661","0","1"
"979037","0","1"
"979037","1","2"
"983364","0","1"
"983364","1","2"
"983364","2","3"
"984539","0","1"
"986610","0","1"
"986771","0","3"
"987362","0","2"
"990559","0","2"
"999215","0","1"
"1008097","0","1"
"1008122","0","1"
"1008122","1","4"
"1012976","0","1"
"1012976","1","4"
"1012976","2","5"
"1012976","3","6"
"1012976","4","7"
"1016652","0","1"
"1016652","1","5"
"1016652","2","6"
"1016652","3","7"
"1016654","0","1"
"1016654","1","5"
"1016654","2","6"
"1016668","0","1"
"1016668","1","5"
"1017539","0","1"
"1017539","1","5"
"1017539","2","6"
"1020948","0","1"
"1030838","0","1"
"1044712","0","2"
"1051101","0","1"
"1053259","0","1"
"1053388","0","1"
"1057127","0","1"
"1060620","0","1"
"1060647","0","1"
"1060647","1","5"
"1060707","0","1"
"1060725","0","1"
"1060745","0","1"
"1061095","0","5"
"1063140","0","1"
"1063140","1","4"
"1063140","2","5"
"1069496","0","2"
"1069498","0","1"
"1069498","1","2"
"1069499","0","2"
"1069655","0","2"
"1069668","0","1"
"1072504","0","1"
"1072504","1","2"
"1072504","2","3"
"1072504","3","4"
"1072504","4","5"
"1072504","5","6"
"1072585","0","1"
"1072585","1","4"
"1072585","2","5"
"1074566","0","4"
"1016402","0","1"
"1077874","0","1"
"1078171","0","1"
"1078171","1","3"
"1078195","0","1"
"1079620","0","1"
"1079620","1","2"
"1079620","2","3"
"1079820","0","3"
"1081270","0","1"
"1081270","1","2"
"1081270","2","3"
"1081270","3","4"
"1081273","0","1"
"1081273","1","2"
"1081275","0","1"
"1081275","1","2"
"1082769","0","1"
"1085412","0","1"
"1085414","0","3"
"1085414","1","4"
"1086675","0","2"
"1089159","0","1"
"1089159","1","3"
"1089159","2","4"
"1089159","3","5"
"1089168","0","1"
"1089168","1","2"
"1089168","2","3"
"1089168","3","4"
"1089168","4","5"
"1089168","5","6"
"1089168","6","7"
"779984","0","1"
"779985","0","1"
"779989","0","1"
"779998","0","1"
"780005","0","1"
"893694","0","1"
"893694","1","2"
"893696","0","3"
"893713","0","2"
"893722","0","1"
"893733","0","1"
"893770","0","1"
"917685","0","1"
"936806","0","1"
"997713","0","5"
"1016392","0","1"
"1051618","0","1"
"1094065","0","1"
"1094065","1","8"
"1094065","2","9"
"1094069","0","1"
"1094069","1","4"
"1094069","2","5"
"1094069","3","6"
"1094081","0","1"
"1094081","1","4"
"1094081","2","5"
"1094708","0","1"
"1095863","0","1"
"1095873","0","1"
"1096036","0","1"
"1096039","0","1"
"1100589","0","2"
"1104892","0","2"
"1104894","0","2"
"1104908","0","1"
"1105114","0","1"
"1105114","1","3"
"1111502","0","1422268922709"
"1111520","0","3"
"1111532","0","2"
"1079828","0","1"
"1079828","1","2"
"1079828","2","3"
"1079828","3","4"
"1112885","0","1406026621136"
"1112885","1","1406026621137"
"1112885","2","1406026621138"
"1112885","3","1406026621139"
"1112885","4","1406026621140"
"1112885","5","1406026621141"
"1113092","0","1"
"1126347","0","1"
"1126350","0","1"
"1126377","0","3"
"1126472","0","3"
"1126623","0","1"
"1126665","0","1420760560035"
"1130111","0","2"
"1130130","0","2"
"1136727","0","1"
"1139094","0","1"
"1139094","1","2"
"1139094","2","3"
"1139094","3","4"
"1139094","4","6"
"1140642","0","1"
"1141267","0","2"
"1141267","1","1"
"1141267","2","3"
"1141268","0","2"
"1141268","1","1"
"1141268","2","3"
"1141268","3","4"
"1141312","0","2"
"1141312","1","1"
"1141322","0","2"
"1141322","1","1"
"1141322","2","3"
"1154185","0","3"
"1055251","0","1"
"1055251","1","2"
"1162815","0","2"
"1170087","0","3"
"1170087","1","1"
"1170087","2","4"
"1170087","3","5"
"1170094","0","2"
"1170094","1","1"
"1170094","2","3"
"1170094","3","4"
"1172190","0","2"
"1210237","0","1"
"1210459","0","1"
"1210459","1","2"
"1210459","2","3"
"1210459","3","4"
"1210466","0","1"
"1210466","1","2"
"1210466","2","3"
"1225874","0","2"
"1225874","1","3"
"1225874","2","4"
"1225874","3","5"
"1226123","0","1"
"1226123","1","2"
"1226123","2","3"
"1226139","0","2"
"1226139","1","3"
"1226139","2","4"
"1226139","3","5"
"1226139","4","6"
"1231453","0","3"
"1231453","1","4"
"1231485","0","1"
"1233532","0","1"
"1233532","1","2"
"1233532","2","3"
"1233532","3","4"
"1233532","4","5"
"1238134","0","5"
"1240874","0","1"
"1240874","1","2"
"1240874","2","3"
"1240874","3","4"
"1240874","4","5"
"1240874","5","6"
"1240874","6","7"
"1241578","0","2"
"1241578","1","3"
"1241578","2","4"
"1241583","0","1"
"1241583","1","2"
"1241583","2","3"
"1245209","0","1"
"1246183","0","3"
"1246183","1","4"
"1246183","2","5"
"1255944","0","3"
"1255969","0","1"
"1256252","0","2"
"1257870","0","1"
"1257870","1","2"
"1257870","2","3"
"1257875","0","3"
"1257875","1","4"
"1257877","0","1"
"1257877","1","2"
"1257877","2","3"
"1257885","0","2"
"1269199","0","2"
"1270433","0","2"
"1270617","0","7"
"1274396","0","4"
"1280473","0","1"
"1280477","0","1"
"1280478","0","1"
"1280935","0","1"
"1280955","0","3"
"1280956","0","2"
"1283151","0","3"
"1299040","0","2"
"1299135","0","1"
"1299135","1","2"
"1299135","2","3"
"1309232","0","1"
"1309262","0","1"
"1309271","0","1"
"1309299","0","3"
"1309299","1","4"
"1327083","0","2"
"1327206","0","3"
"1327228","0","1"
"1327228","1","2"
"1327228","2","3"
"1327228","3","4"
"1327228","4","5"
"1327229","0","1"
"1327229","1","2"
"1327229","2","3"
"1327229","3","4"
"1327229","4","5"
"1331098","0","3"
"1331225","0","3"
"1331645","0","2"
"1331645","1","3"
"1331648","0","1"
"1331648","1","2"
"1331648","2","3"
"1334443","0","1"
"1334443","1","6"
"1334443","2","7"
"1337451","0","2"
"1337454","0","2"
"1337459","0","6"
"1355265","0","2"
"1355267","0","1"
"1355267","1","2"
"1355267","2","3"
"1355282","0","4"
"1355290","0","1"
"1355292","0","3"
"1358208","0","2"
"1365692","0","1"
"1365828","0","3"
"1365829","0","3"
"1365844","0","5"
"1366205","0","3"
"1368073","0","2"
"1368078","0","13"
"1368078","1","14"
"1368078","2","15"
"1368078","3","16"
"1368080","0","1"
"1368080","1","2"
"1368080","2","3"
"1368080","3","4"
"1368080","4","5"
"1368080","5","6"
"1368089","0","5"
"1368089","1","6"
"1368089","2","7"
"1368089","3","8"
"1368095","0","3"
"1368095","1","4"
"1368108","0","2"
"1368108","1","3"
"1368114","0","3"
"1368117","0","3"
"1368117","1","7"
"1368118","0","2"
"1368121","0","2"
"1368124","0","3"
"1368137","0","3"
"1368139","0","3"
"1368141","0","4"
"1368184","0","4"
"1368626","0","2"
"1368772","0","2"
"1368772","1","3"
"1368911","0","2"
"1369740","0","1"
"1369740","1","2"
"1369740","2","3"
"1079995","0","1"
"1079995","1","2"
"1079995","2","4"
"1079995","3","5"
"1079995","4","6"
"1079996","0","2"
"1079996","1","3"
"1079996","2","6"
"1089549","0","1"
"1089549","1","2"
"1089549","2","6"
"1089555","0","1"
"1089555","1","4"
"1089555","2","3"
"1089555","3","9"
"1089555","4","5"
"1089555","5","7"
"1089555","6","8"
"1089555","7","2"
"1385176","0","1"
"1385176","1","2"
"1385176","2","3"
"1385176","3","4"
"1385176","4","5"
"1385192","0","4"
"1385192","1","5"
"1385192","2","1"
"1385197","0","1"
"1385197","1","2"
"1385197","2","3"
"1391357","0","2"
"1397194","0","1"
"1397194","1","2"
"1397194","2","3"
"1397210","0","1"
"1412224","0","1"
"1412224","1","2"
"1412224","2","3"
"1412224","3","4"
"1414218","0","2"
"1414507","0","2"
"1418014","0","2"
"1418149","0","4"
"1420504","0","1"
"1424692","0","2"
"1424692","1","3"
"1424712","0","2"
"1431236","0","1"
"1431236","1","2"
"1431236","2","3"
"1431236","3","4"
"1431236","4","5"
"1431236","5","6"
"1431236","6","7"
"1431236","7","8"
"1437208","0","1"
"1437208","1","2"
"1437209","0","1"
"1437209","1","2"
"1437209","2","3"
"1437209","3","4"
"1437209","4","5"
"1437244","0","1"
"1437244","1","2"
"1440926","0","1"
"1440926","1","2"
"1440931","0","1"
"1440931","1","2"
"1440931","2","3"
"1440935","0","2"
"1443066","0","2"
"1447321","0","3"
"1448383","0","4"
"1449041","0","4"
"1460301","0","2"
"1469728","0","5"
"1480772","0","3"
"1480783","0","1"
"1480788","0","1"
"1480794","0","1"
"1480798","0","1"
"1490430","0","1424142729389"
"1490455","0","1"
"1490456","0","1"
"1490458","0","2"
"1490478","0","3"
"1490482","0","2"
"1490499","0","3"
"1490528","0","1"
"1504840","0","2"
"1506255","0","2"
"1506255","1","1"
"1506255","2","3"
"1506255","3","4"
"1506424","0","2"
"1506424","1","1"
"1508479","0","2"
"1508479","1","3"
"1508721","0","2"
"1511932","0","2"
"1518474","0","2"
"1518759","0","2"
"1518791","0","1"
"1518801","0","2"
"1521376","0","1"
"1521378","0","1"
"1521385","0","1"
"1521387","0","1"
"1521392","0","1"
"1521399","0","1"
"1521431","0","2"
"1521458","0","1"
"1525458","0","1"
"1525467","0","1"
"1525482","0","1"
"1525502","0","2"
"1528953","0","2"
"1532198","0","1"
"1532200","0","1"
"1532212","0","1425729683446"
"1532220","0","1425729683449"
"1534853","0","1"
"1534856","0","1"
"1534859","0","2"
"1534891","0","2"
"1534894","0","2"
"1534908","0","2"
"1535147","0","3"
"1535192","0","1"
"1536022","0","1425729683451"
"1536024","0","1425729683451"
"1536029","0","1425729683455"
"1536031","0","1425729683455"
"1537901","0","2"
"1537922","0","2"
"1537923","0","2"
"1538554","0","3"
"1538563","0","1"
"1538578","0","1"
"1538666","0","2"
"1538667","0","2"
"1538980","0","1"
"1538995","0","1"
"1539721","0","1"
"1539723","0","2"
"1540894","0","2"
"1540898","0","2"
"1540988","0","2"
"1541188","0","2"
"1541700","0","1"
"1541741","0","1"
"1541783","0","1"
"1554195","0","2"
"1554195","1","3"
"1554195","2","4"
"1562194","0","2"
"1565535","0","2"
"1565583","0","2"
"1565593","0","3"
"1568345","0","2"
"1576368","0","1"
"1576368","1","2"
"1576368","2","3"
"1576368","3","4"
"1576368","4","5"
"1580901","0","7"
"1590508","0","3"
"1591439","0","1"
"1591476","0","1"
"1596976","0","3"
"1597001","0","1"
"1597010","0","2"
"1597046","0","5"
"1597061","0","1"
"1597062","0","1"
"1597064","0","1"
"1597068","0","1"
"1597069","0","1"
"1597070","0","1"
"1597073","0","1"
"1597077","0","1"
"1597078","0","1"
"1603564","0","2"
"1604083","0","2"
"1605323","0","2"
"1605342","0","2"
"1606855","0","4"
"1606859","0","4"
"1606856","0","4"
"1607008","0","4"
"1621615","0","1"
"1621615","1","2"
"1655521","0","2"
"1655521","1","1"
"1655522","0","1"
"1655522","1","2"
"1655522","2","3"
"1655522","3","4"
"1655522","4","5"
"1656264","0","1"
"1656264","1","2"
"1673233","0","1"
"1673498","0","1"
"1673498","1","2"
"1673498","2","3"
"1673498","3","4"
"1673507","0","1"
"1673507","1","2"
"1673507","2","3"
"1673507","3","4"
"1673718","0","1"
"1674803","0","1"
"1674821","0","2"
"1688012","0","7"
"1688017","0","2"
"1690700","0","1428756138407"
"1690700","1","1428756138408"
"1690700","2","1428756138409"
"1690700","3","1428756138410"
"1691493","0","2"
"1691550","0","2"
"1710026","0","1"
"1710038","0","1"
"1710057","0","1"
"1710074","0","2"
"1710092","0","2"
"1710407","0","1"
"1710422","0","1"
"1710432","0","1"
"1710439","0","2"
"1711190","0","3"
"1713057","0","1"
"1765800","0","14"
"1765800","1","2"
"1765941","0","10"
"1765997","0","3"
"1765997","1","5"
"1766370","0","1"
"1766370","1","4"
"1766426","0","1"
"1766426","1","2"
"1766426","2","3"
"1766631","0","1"
"1766631","1","2"
"1766631","2","3"
"1766631","3","4"
"1766644","0","1"
"1766644","1","2"
"1766668","0","1"
"1766668","1","2"
"1766668","2","3"
"1766668","3","4"
"1766668","4","5"
"1766771","0","1"
"1766771","1","2"
"1766771","2","3"
"1779351","0","2"
"1779446","0","2"
"1779451","0","1"
"1819701","0","5"
"1837094","0","2"
"1837139","0","2"
"1846583","0","3"
"1846586","0","2"
"1846589","0","2"
"1846680","0","3"
"1846685","0","3"
"1846688","0","2"
"1847361","0","2"
"1854913","0","2"
"1858161","0","3"
"1858166","0","2"
"1858720","0","3"
"1858780","0","2"
"1858784","0","1"
"1858786","0","1"
"1858793","0","5"
"1859781","0","3"
"1862331","0","3"
"1862331","1","5"
"1866539","0","1428756138411"
"1873704","0","1"
"1873715","0","1"
"1873716","0","1"
"1873730","0","2"
"1887162","0","1"
"1887166","0","1"
"1887181","0","1"
"1887182","0","1"
"1887183","0","1"
"1914532","0","2"
"1914548","0","2"
"1921315","0","3"
"1921317","0","2"
"1921320","0","2"
"1921321","0","2"
"1921323","0","2"
"1936011","0","3"
"1936013","0","1"
"1944279","0","1"
"1944294","0","1"
"1944295","0","1"
"1948909","0","2"
"1948934","0","2"
"1948936","0","2"
"1949224","0","2"
"1951742","0","2"
"1967319","0","2"
"1967340","0","1"
"1967363","0","1"
"1968487","0","2"
"1968487","1","6"
"1973728","0","2"
"1973736","0","1"
"1973743","0","1"
"1973744","0","1"
"1973746","0","1"
"1973752","0","2"
"1973863","0","2"
"1973872","0","1"
"1986172","0","1"
"2030725","0","1"
"2030725","1","2"
"2030725","2","3"
"2030725","3","4"
"2030725","4","5"
"2038832","0","1"
"2051706","0","3"
"2063693","0","2"
"2063698","0","1"
"2073527","0","2"
"2073539","0","3"
"2073540","0","1"
"2073549","0","1"
"2073554","0","1"
"2075326","0","1"
"2075327","0","1"
"2075337","0","1"
"2075339","0","1"
"2075349","0","2"
"2075873","0","1"
"2098453","0","1"
"2101246","0","3"
"2125179","0","2"
"2131661","0","1"
"2131664","0","1"
"2136930","0","1"
"2136930","1","3"
"2136938","0","2"
"2136942","0","1"
"2136943","0","1"
"2136943","1","2"
"2153255","0","1"
"2153256","0","2"
"2153259","0","1"
"2203318","0","1"
"2206311","0","1"
"2206315","0","2"
"2206419","0","1"
"2206419","1","2"
"2206434","0","1"
"2206434","1","2"
"2206434","2","3"
"2211465","0","3"
"2211474","0","2"
"2211478","0","1"
"2211509","0","1"
"2223512","0","1"
"2230293","0","1"
"2230302","0","1"
"2233620","0","1"
"2265627","0","1"
"2265648","0","2"
"2265661","0","1"
"2286274","0","4"
"2295993","0","3"
"2299791","0","2"
"2306043","0","2"
"2377094","0","2"
"2377170","0","1"
"2406646","0","2"
"2412877","0","2"
"2412877","1","4"
"2412877","2","5"
"2413858","0","1"
"2413858","1","2"
"2414618","0","2"
"2422684","0","2"
"2422687","0","3"
"2422690","0","4"
"2422691","0","2"
"2422727","0","2"
"2422727","1","3"
"2424770","0","3"
"2427019","0","1"
"2438098","0","2"
"2446606","0","2"
"2446606","1","3"
"2446606","2","4"
"2446609","0","2"
"2469684","0","2"
"2476211","0","2"
"2477609","0","2"
"2487096","0","2"
"2498286","0","2"
"2504179","0","2"
"2504199","0","2"
"2506747","0","2"
"2511823","0","2"
"2511828","0","2"
"2567671","0","3"
"2567692","0","1"
"2567696","0","1"
"2567698","0","1"
"2567699","0","3"
"2584380","0","1"
"2584380","1","2"
"2584380","2","3"
"2588399","0","3"
"2598218","0","4"
"2600011","0","1"
"2600014","0","2"
"2600016","0","2"
"2600020","0","1"
"2601675","0","3"
"2609019","0","1"
"2614632","0","2"
"2614638","0","1"
"2614638","1","2"
"2614638","2","3"
"2614638","3","4"
"2614638","4","5"
"2614640","0","2"
"2614640","1","3"
"2614643","0","1"
"2614643","1","2"
"2614643","2","3"
"2614643","3","4"
"2614643","4","5"
"2614643","5","6"
"2655658","0","5"
"2655690","0","1425016297936"
"2655690","1","1425016297940"
"2663758","0","1"
"2663758","1","2"
"2663758","2","3"
"2680832","0","1"
"2680840","0","1"
"2680853","0","1"
"2680866","0","1"
"2681076","0","1"
"2681076","1","2"
"2681076","2","3"
"1597214","0","2"
"1853911","0","2"
"1853917","0","2"
"1853946","0","3"
"1853946","1","4"
"2681962","0","2"
"2681993","0","1"
"2683111","0","2"
"2683130","0","2"
"2689384","0","2"
"2689428","0","2"
"2689428","1","1"
"2689428","2","3"
"2689432","0","2"
"2689453","0","2"
"2689457","0","2"
"2689457","1","1"
"2689457","2","3"
"2689503","0","2"
"2692825","0","2"
"2692831","0","4"
"2692831","1","5"
"2692841","0","3"
"2692852","0","2"
"2692852","1","3"
"2692852","2","4"
"2692856","0","2"
"2692856","1","3"
"2692866","0","2"
"2692871","0","2"
"2692882","0","3"
"2692886","0","2"
"2692894","0","2"
"2692913","0","2"
"2692931","0","2"
"2692939","0","2"
"2692940","0","2"
"2692941","0","2"
"2696668","0","3"
"2696668","1","4"
"2697395","0","2"
"2706481","0","3"
"2706491","0","2"
"2710580","0","4"
"2710581","0","1"
"2710582","0","15"
"2710583","0","1"
"2710585","0","1"
"2710587","0","2"
"2710592","0","2"
"2710593","0","2"
"2710637","0","2"
"2710656","0","1"
"2710670","0","1"
"2711678","0","1"
"2711711","0","2"
"2711726","0","4"
"2712555","0","2"
"2712941","0","3"
"2712946","0","1"
"2712963","0","2"
"2712964","0","1"
"2713097","0","1"
"2713102","0","1"
"2713151","0","2"
"2713173","0","1"
"2713191","0","1"
"2713219","0","1"
"2713253","0","1"
"2713257","0","1"
"2713604","0","3"
"2713604","1","4"
"2713626","0","1"
"2715186","0","1"
"2715189","0","1"
"2721742","0","1"
"2721799","0","2"
"2732379","0","1"
"2732423","0","1"
"2732423","1","3"
"2736569","0","2"
"2736582","0","2"
"2736582","1","3"
"2736720","0","2"
"2736720","1","3"
"2737394","0","1"
"2754858","0","2"
"2755037","0","2"
"2769503","0","1"
"2788194","0","2"
"2788203","0","2"
"2788205","0","2"
"2788216","0","2"
"2788238","0","2"
"2788238","1","3"
"2788804","0","4"
"2788811","0","2"
"2788814","0","1"
"2788827","0","1"
"2788828","0","1"
"2788830","0","1"
"2788844","0","1"
"2788860","0","1"
"2788928","0","2"
"2802912","0","1"
"2803908","0","2"
"2803932","0","1"
"2803955","0","1"
"2807806","0","1"
"2814875","0","1"
"2815141","0","1"
"2815187","0","1"
"2815310","0","2"
"2853864","0","1"
"2853864","1","2"
"2853864","2","3"
"2853864","3","4"
"2864486","0","2"
"2864491","0","1"
"2864491","1","2"
"2864491","2","3"
"2864491","3","4"
"2864491","4","6"
"2864517","0","1"
"2864518","0","1"
"2867682","0","3"
"2870240","0","3"
"2870243","0","3"
"2870258","0","2"
"2877238","0","3"
"2878625","0","3"
"2880029","0","4"
"2880033","0","2"
"2880035","0","1"
"2880172","0","1"
"2880183","0","4"
"2880240","0","4"
"2880254","0","4"
"2880258","0","5"
"2880260","0","1"
"2880265","0","1"
"2880270","0","1"
"2880274","0","1"
"2880281","0","4"
"2880361","0","1"
"2880385","0","3"
"2880387","0","1"
"2880387","1","3"
"2880394","0","1"
"2880409","0","1"
"2880416","0","1"
"2880426","0","1"
"2880450","0","3"
"2880471","0","5"
"2880473","0","1"
"2880481","0","3"
"2880483","0","8"
"2880533","0","1"
"2880533","1","2"
"2880533","2","3"
"2880533","3","4"
"2880533","4","5"
"2880535","0","1"
"2880535","1","2"
"2880535","2","3"
"2880535","3","4"
"2880592","0","1"
"2880592","1","2"
"2880592","2","3"
"2880592","3","4"
"2880592","4","5"
"2884553","0","1"
"2884553","1","2"
"2884553","2","3"
"2884553","3","4"
"2885864","0","2"
"2885869","0","2"
"2889319","0","2"
"2889325","0","3"
"2889327","0","2"
"2889334","0","3"
"2889334","1","5"
"2889348","0","2"
"2889348","1","3"
"2889377","0","2"
"2889378","0","2"
"2889378","1","1"
"2889378","2","3"
"2889440","0","2"
"2890725","0","2"
"2890726","0","2"
"2890815","0","1"
"2890815","1","2"
"2890815","2","3"
"2896657","0","7"
"2911379","0","1"
"2911496","0","1"
"2912800","0","2"
"2912802","0","2"
"2912802","1","1"
"2912805","0","2"
"2912812","0","2"
"2912900","0","2"
"2912974","0","2"
"2912974","1","3"
"2914445","0","4"
"2914455","0","5"
"2914456","0","2"
"2914457","0","1"
"2914458","0","4"
"2914459","0","1"
"2914512","0","4"
"2914522","0","8"
"2914532","0","2"
"2914543","0","2"
"2914556","0","1"
"2914580","0","5"
"2914581","0","2"
"2914669","0","3"
"2914670","0","2"
"2914681","0","6"
"2914682","0","1"
"2914736","0","3"
"2914739","0","4"
"2914740","0","1"
"2914764","0","3"
"2914778","0","2"
"2916192","0","2"
"2916192","1","1"
"2916192","2","3"
"2916198","0","2"
"2916198","1","3"
"2916198","2","4"
"2916206","0","2"
"2916206","1","1"
"2916206","2","3"
"2916347","0","2"
"2916363","0","3"
"2917374","0","1"
"2917390","0","1"
"2917401","0","2"
"2922050","0","1"
"2925137","0","3"
"2925190","0","1"
"2925192","0","1"
"2925431","0","2"
"2925470","0","3"
"2928981","0","1"
"2929835","0","3"
"2931775","0","2"
"2937960","0","1"
"2946066","0","5"
"2946072","0","2"
"2946077","0","2"
"2946109","0","1"
"2953792","0","1"
"2953792","1","2"
"2953793","0","4"
"2953816","0","1"
"2953831","0","2"
"2957309","0","1"
"2957590","0","1"
"2957590","1","2"
"2966483","0","1"
"2971005","0","1"
"2971006","0","1"
"2971007","0","3"
"2976844","0","2"
"2976878","0","3"
"2978464","0","2"
"2978475","0","1"
"2978475","1","2"
"2980667","0","3"
"2980697","0","2"
"2980702","0","1"
"2980702","1","2"
"2980702","2","3"
"2980710","0","2"
"2980712","0","2"
"2980727","0","1"
"2985380","0","1"
"2985395","0","1"
"2985402","0","2"
"2985419","0","1"
"2985422","0","1"
"2985426","0","1"
"2994938","0","1"
"2994962","0","1"
"2999665","0","1"
"2999665","1","3"
"2989388","0","1"
"2989388","1","2"
"2989388","2","3"
"3015973","0","1"
"3015973","1","2"
"3020561","0","1"
"2715232","0","1"
"3027323","0","1"
"3027326","0","1"
"3027327","0","2"
"3027986","0","1"
"3027989","0","1"
"3028696","0","1"
"3028696","1","2"
"3028696","2","3"
"3031829","0","3"
"3032613","0","2"
"3032622","0","3"
"3034415","0","1"
"3034416","0","1"
"3044185","0","1"
"3050863","0","1"
"3050876","0","2"
"3052454","0","2"
"3052489","0","1"
"3052495","0","1"
"3078646","0","1"
"3078665","0","4"
"3078703","0","1"
"3079163","0","1"
"3079180","0","1"
"3085083","0","1"
"3091372","0","3"
"3091373","0","1"
"3101258","0","2"
"3101261","0","1"
"3101267","0","2"
"3101268","0","1"
"3101269","0","1"
"3101269","1","2"
"3101307","0","3"
"3104399","0","1"
"3104401","0","5"
"3104414","0","3"
"3104415","0","1"
"3104418","0","1"
"3104419","0","2"
"3104422","0","2"
"3104423","0","2"
"3104424","0","1"
"3104445","0","3"
"3104447","0","3"
"3104447","1","4"
"3104450","0","2"
"3104474","0","2"
"3104493","0","1"
"3104496","0","3"
"3104497","0","1"
"3104500","0","3"
"3105298","0","1"
"3105321","0","1"
"3105323","0","1"
"3105331","0","1"
"3105331","1","2"
"3105455","0","1"
"3105455","1","7"
"3105456","0","1"
"3105467","0","3"
"3105470","0","1"
"3111925","0","2"
"3111938","0","1"
"3111942","0","1"
"3111959","0","1"
"3111959","1","2"
"3111976","0","2"
"3117290","0","1"
"3117366","0","2"
"3117478","0","2"
"3117494","0","2"
"3117511","0","1"
"3139026","0","1"
"3139026","1","2"
"3151752","0","3"
"3151771","0","1"
"3154757","0","1"
"3165308","0","1"
"3166161","0","3"
"3166182","0","1"
"3166182","1","2"
"3166182","2","3"
"3166182","3","4"
"3166182","4","5"
"3166189","0","1"
"3166189","1","2"
"3166189","2","3"
"3166189","3","4"
"3166189","4","5"
"3166189","5","6"
"3171596","0","1"
"3174884","0","1"
"3182822","0","1"
"3182823","0","1"
"3182824","0","1"
"3182827","0","1"
"3182838","0","3"
"3183600","0","1"
"3189550","0","1"
"3189552","0","1"
"3189582","0","1"
"3191606","0","2"
"3207748","0","1"
"3250603","0","1"
"3256516","0","1"
"3256516","1","2"
"3268231","0","1"
"3269140","0","1"
"3297945","0","1"
"3297945","1","2"
"3297945","2","3"
"3297945","3","4"
"3316573","0","2"
"3316582","0","1"
"3316584","0","2"
"3316584","1","3"
"3322249","0","2"
"3331264","0","2"
"3336158","0","1"
"3336158","1","2"
"3336158","2","3"
"3336158","3","4"
"3336158","4","5"
"3336171","0","1"
"3373348","0","3"
"3373352","0","4"
"3373353","0","1"
"3390145","0","2"
"3390147","0","1"
"3390147","1","2"
"3390147","2","3"
"3390147","3","4"
"3390147","4","5"
"3418693","0","1"
"3418694","0","1"
"3418702","0","1"
"3432059","0","4"
"3432171","0","2"
"3432183","0","1"
"3432191","0","3"
"3435973","0","1"
"3435977","0","1"
"3459031","0","1"
"3459037","0","2"
"3482732","0","1"
"3482735","0","1"
"3482736","0","6"
"3528487","0","1"
"3528491","0","1"
"3528500","0","2"
"3528518","0","1"
"3528523","0","3"
"3528527","0","3"
"3528583","0","4"
"3528584","0","1"
"3528609","0","1"
"3528617","0","1"
"3528622","0","1"
"3538480","0","2"
"3538513","0","1"
"3538513","1","2"
"3676345","0","1"
"3676352","0","1"
"3676353","0","3"
"3676359","0","3"
"3734690","0","1"
"3736994","0","2"
"3737035","0","1"
"3737046","0","1"
"3781720","0","1"
"3783486","0","1"
"3783488","0","1"
"3797376","0","1"
"3797463","0","1"
"3802669","0","1"
"3802670","0","2"
"3803656","0","2"
"3803662","0","1"
"3803664","0","1"
"3841169","0","2"
"3841175","0","1"
"3841432","0","1"
"3841443","0","1"
"3841881","0","1"
"3843728","0","1"
"3843737","0","1"
"3843746","0","1"
"3843763","0","3"
"3889211","0","5"
"3910909","0","2"
"3910909","1","3"
"3910989","0","2"
"3910989","1","3"
"3910989","2","4"
"3911001","0","7"
"3912436","0","3"
"3912436","1","5"
"3912465","0","1"
"3912468","0","1"
"3912952","0","3"
"3922621","0","1"
"3922624","0","2"
"3926043","0","1"
"3928393","0","1"
"3933966","0","1"
"3936647","0","2"
"3995329","0","1"
"4048529","0","1"
"4048529","1","2"
"4049853","0","1"
"4049877","0","1"
"4052164","0","2"
"4052165","0","1"
"4052239","0","2"
"4055939","0","1"
"4061674","0","2"
"4110065","0","1"
"4114518","0","3"
"4114518","1","5"
"4116139","0","3"
"4116139","1","5"
"4300007","0","1"
"4301063","0","2"
"4301073","0","3"
"4301425","0","1"
"935468","0","1"
"935468","1","2"
