"main.id","hpq_spisc_mem.id","spisc_mem_refno"
"55964","0","2"
"55964","1","1"
"55983","0","2"
"55983","1","3"
"55983","2","1"
"55992","0","1"
"55992","1","2"
"56017","0","1"
"56017","1","2"
"56306","0","1"
"59167","0","1"
"59167","1","6"
"61411","0","2"
"61411","1","3"
"61449","0","1"
"61527","0","1"
"67517","0","1"
"67553","0","1"
"67555","0","1"
"68861","0","1"
"68862","0","1"
"68862","1","2"
"68868","0","1"
"68869","0","1"
"69114","0","1"
"69115","0","1"
"69119","0","1"
"70317","0","1"
"70329","0","2"
"70329","1","1"
"68917","0","8"
"72102","0","1"
"72909","0","4"
"72909","1","5"
"80329","0","3"
"80332","0","1"
"80336","0","1"
"80338","0","1"
"88728","0","1"
"88734","0","5"
"88742","0","1"
"98285","0","33"
"98316","0","1"
"98322","0","2"
"98749","0","2"
"100898","0","2"
"100901","0","1"
"103308","0","1"
"103308","1","2"
"113105","0","7"
"113106","0","1"
"113125","0","3"
"113125","1","1"
"116554","0","1"
"120675","0","2"
"120681","0","3"
"120696","0","1"
"120702","0","1"
"122488","0","1"
"122488","1","2"
"123762","0","1"
"126814","0","1"
"126814","1","2"
"126834","0","3"
"126840","0","1"
"126840","1","2"
"120584","0","1"
"120585","0","1"
"120590","0","1"
"120594","0","1"
"120621","0","1"
"122714","0","2"
"122714","1","1"
"122725","0","1"
"122728","0","1"
"122735","0","7"
"122735","1","6"
"122741","0","1"
"122744","0","1"
"122745","0","4"
"127137","0","2"
"127137","1","1"
"127145","0","1"
"127146","0","1"
"128530","0","1"
"128560","0","1"
"129550","0","1"
"129560","0","1"
"129566","0","1"
"129569","0","1"
"129571","0","1"
"129586","0","1"
"129587","0","1"
"129587","1","3"
"129595","0","1"
"129600","0","1"
"129600","1","2"
"129600","2","3"
"129614","0","2"
"129616","0","1"
"129616","1","2"
"129618","0","2"
"129618","1","1"
"129621","0","1"
"129621","1","2"
"130758","0","1"
"130760","0","1"
"130816","0","1"
"130818","0","1"
"130818","1","2"
"130819","0","1"
"132146","0","1"
"132146","1","3"
"132153","0","1"
"132158","0","1"
"133316","0","5"
"133318","0","1"
"133319","0","2"
"133319","1","1"
"133320","0","2"
"133320","1","1"
"133324","0","1"
"133324","1","2"
"133355","0","1"
"133363","0","1"
"133432","0","1"
"133432","1","2"
"133435","0","1"
"133435","1","2"
"133439","0","1"
"133762","0","5"
"136777","0","1"
"136808","0","1"
"136934","0","2"
"136944","0","2"
"136945","0","3"
"136950","0","2"
"136951","0","1"
"136957","0","1"
"136961","0","1"
"136961","1","2"
"137729","0","3"
"139246","0","1"
"139246","1","2"
"140932","0","1"
"141354","0","1"
"141432","0","2"
"141432","1","1"
"141449","0","2"
"142577","0","1"
"143176","0","3"
"145659","0","2"
"145659","1","1"
"146978","0","1"
"146978","1","2"
"146980","0","6"
"146982","0","2"
"146982","1","1"
"149096","0","1"
"151205","0","2"
"151205","1","1"
"152341","0","1"
"152343","0","6"
"152701","0","1"
"152701","1","2"
"152702","0","4"
"152713","0","4"
"152713","1","5"
"153140","0","1"
"160446","0","3"
"160446","1","1"
"160527","0","3"
"160527","1","1"
"161152","0","1"
"162218","0","1"
"162218","1","4"
"162228","0","1"
"162228","1","4"
"162233","0","1"
"163857","0","4"
"164444","0","1"
"164444","1","2"
"164466","0","1"
"164466","1","2"
"170269","0","2"
"171906","0","2"
"171906","1","1"
"171935","0","1"
"171937","0","1"
"172550","0","6"
"172554","0","4"
"176553","0","1"
"176946","0","3"
"176947","0","1"
"176989","0","1"
"178859","0","5"
"178882","0","1"
"178887","0","3"
"178889","0","4"
"182914","0","3"
"182942","0","1"
"184223","0","1"
"184223","1","2"
"184224","0","1"
"184583","0","2"
"184586","0","1"
"184586","1","2"
"184593","0","1"
"191152","0","1"
"192159","0","2"
"193032","0","1"
"193038","0","5"
"203982","0","8"
"203984","0","2"
"203984","1","1"
"203991","0","3"
"204066","0","1"
"204732","0","1"
"204739","0","1"
"204926","0","1"
"204936","0","1"
"204940","0","1"
"204940","1","2"
"204953","0","1"
"204962","0","1"
"204963","0","5"
"204964","0","9"
"204966","0","1"
"204971","0","5"
"204990","0","1"
"205006","0","2"
"205014","0","1"
"205014","1","2"
"207932","0","1"
"215539","0","1"
"215539","1","2"
"217973","0","1"
"220527","0","1"
"220527","1","2"
"220997","0","2"
"220997","1","1"
"221022","0","1"
"221022","1","2"
"222294","0","1406568272211"
"224237","0","1"
"224247","0","1"
"222309","0","1"
"226035","0","1"
"230260","0","1"
"233567","0","2"
"234240","0","1"
"234240","1","2"
"236338","0","1"
"236346","0","1"
"236348","0","1"
"236348","1","2"
"236354","0","1"
"236355","0","1"
"236442","0","1"
"237122","0","8"
"237122","1","1"
"237126","0","1"
"240047","0","1"
"240047","1","2"
"243994","0","1"
"243994","1","2"
"244725","0","1"
"244725","1","2"
"244735","0","1"
"244735","1","2"
"244748","0","1"
"244749","0","1"
"244749","1","2"
"244753","0","1"
"245902","0","5"
"245917","0","1"
"246606","0","1"
"246606","1","2"
"246618","0","2"
"246618","1","3"
"249582","0","1"
"249582","1","2"
"249946","0","1"
"249946","1","2"
"249955","0","1"
"249955","1","2"
"254245","0","2"
"254245","1","1"
"254540","0","1"
"254540","1","2"
"254549","0","1"
"254549","1","2"
"254555","0","1"
"255410","0","2"
"255489","0","1"
"255490","0","1"
"255491","0","1"
"255565","0","1"
"255578","0","1"
"255589","0","1"
"255591","0","1"
"256763","0","1"
"256763","1","2"
"256764","0","1"
"256764","1","2"
"256773","0","1"
"256778","0","17"
"257103","0","1"
"257103","1","2"
"257104","0","1"
"257104","1","2"
"261603","0","1"
"261619","0","2"
"261619","1","1"
"261688","0","1"
"262053","0","1"
"268271","0","1"
"268366","0","2"
"268368","0","1"
"268368","1","2"
"268370","0","2"
"268370","1","5"
"268373","0","1"
"268373","1","2"
"274282","0","5"
"274282","1","6"
"280677","0","1"
"280690","0","1"
"280690","1","2"
"280733","0","1"
"280757","0","1"
"280772","0","1"
"280788","0","1"
"280812","0","5"
"280843","0","1"
"280848","0","1"
"283940","0","11"
"291577","0","1"
"291578","0","1"
"291582","0","1"
"291585","0","1"
"291589","0","1"
"291593","0","1"
"291594","0","3"
"291621","0","1"
"298909","0","1"
"314102","0","6"
"314102","1","7"
"314115","0","1"
"314117","0","1"
"314340","0","2"
"316796","0","1"
"316802","0","2"
"316806","0","3"
"316808","0","1"
"326088","0","1"
"326100","0","1"
"326100","1","2"
"329754","0","1"
"329754","1","10"
"329781","0","11"
"333877","0","2"
"337445","0","1"
"340036","0","1"
"340036","1","2"
"347398","0","1"
"349664","0","1"
"349664","1","2"
"349745","0","1"
"349763","0","1"
"349763","1","2"
"349774","0","2"
"349774","1","7"
"349924","0","2"
"350008","0","1"
"350008","1","2"
"350020","0","1"
"350020","1","2"
"350029","0","2"
"351029","0","2"
"351029","1","7"
"351039","0","2"
"351042","0","1"
"351042","1","2"
"351042","2","7"
"351052","0","1"
"356978","0","2"
"356978","1","1"
"357005","0","8"
"357011","0","2"
"358600","0","1"
"358600","1","2"
"376971","0","1"
"376989","0","1"
"376989","1","2"
"376924","0","1"
"390698","0","1"
"390698","1","2"
"395144","0","8"
"395151","0","3"
"395164","0","1"
"395164","1","2"
"397046","0","1"
"398917","0","1"
"398922","0","1"
"398960","0","1"
"398986","0","2"
"399029","0","1"
"399057","0","1"
"399057","1","2"
"400257","0","1"
"400257","1","2"
"400269","0","1"
"402700","0","1"
"402728","0","1"
"402738","0","1"
"403844","0","1"
"403869","0","1"
"406754","0","1"
"406754","1","2"
"406762","0","1"
"429318","0","1"
"429318","1","2"
"429725","0","1"
"430110","0","3"
"430110","1","1"
"430155","0","1"
"430157","0","1"
"430163","0","1"
"430164","0","3"
"430164","1","1"
"430171","0","1"
"430309","0","1"
"435226","0","4"
"435272","0","5"
"435281","0","1"
"435281","1","2"
"441880","0","1"
"441880","1","3"
"441893","0","1"
"441893","1","2"
"442673","0","2"
"442673","1","1"
"442684","0","1"
"442693","0","1"
"442693","1","2"
"442713","0","1"
"442717","0","1"
"442781","0","2"
"443647","0","1"
"443655","0","1"
"443667","0","1"
"445840","0","1"
"445840","1","2"
"455217","0","1"
"460934","0","1"
"460940","0","1"
"460940","1","4"
"467808","0","5"
"467808","1","6"
"467826","0","1"
"467826","1","2"
"467829","0","1"
"467829","1","2"
"467860","0","1"
"467889","0","1"
"467889","1","2"
"467920","0","1"
"467920","1","2"
"467931","0","6"
"467954","0","1"
"467962","0","1"
"467976","0","1"
"468051","0","1"
"468054","0","2"
"468054","1","3"
"468059","0","1"
"468079","0","1"
"468081","0","5"
"468115","0","1"
"468696","0","1"
"487090","0","1"
"487094","0","1"
"487116","0","1"
"487139","0","1"
"487163","0","1"
"487179","0","1"
"498906","0","1"
"500119","0","1"
"500119","1","2"
"500185","0","1"
"395146","0","2"
"501487","0","1"
"501492","0","1"
"502278","0","1"
"502280","0","1"
"502771","0","1"
"504008","0","1"
"504024","0","1415426587715"
"506179","0","2"
"506202","0","1"
"513808","0","2"
"513811","0","1"
"513843","0","1"
"513987","0","1"
"514001","0","1"
"514014","0","1"
"524230","0","1"
"524253","0","1"
"524257","0","1"
"533302","0","1"
"533302","1","5"
"533303","0","1"
"533303","1","4"
"533800","0","1"
"533800","1","6"
"536341","0","1"
"536341","1","3"
"536384","0","1"
"578287","0","9"
"578287","1","1"
"578290","0","1"
"578312","0","1"
"578323","0","1"
"578325","0","1"
"578329","0","1"
"578333","0","6"
"578333","1","1"
"578357","0","1"
"578368","0","1"
"578368","1","3"
"578375","0","1"
"580660","0","1"
"580660","1","2"
"589332","0","1"
"589332","1","2"
"589422","0","1"
"591257","0","6"
"591258","0","1"
"591331","0","1"
"591331","1","1416397608304"
"591334","0","1"
"591340","0","1"
"591346","0","1"
"594011","0","1"
"594011","1","2"
"601021","0","1416397608306"
"605682","0","1"
"610482","0","12"
"610530","0","1"
"610531","0","1"
"611477","0","1"
"613359","0","1"
"613361","0","1"
"614056","0","1"
"615844","0","1"
"615854","0","1"
"615854","1","3"
"615886","0","3"
"615914","0","1"
"616147","0","1"
"616153","0","1"
"616154","0","1"
"616156","0","1"
"616275","0","1"
"616281","0","1"
"616282","0","1"
"616298","0","1"
"616347","0","1"
"616347","1","2"
"618824","0","1"
"623136","0","1"
"623140","0","1"
"623142","0","1"
"623142","1","3"
"623149","0","1"
"623161","0","1"
"623832","0","1"
"623840","0","1"
"626411","0","1"
"629515","0","1"
"629783","0","1"
"629793","0","2"
"629793","1","1"
"630207","0","1"
"636565","0","1"
"636565","1","2"
"643036","0","1"
"643036","1","2"
"643038","0","1"
"643054","0","1"
"643054","1","2"
"643058","0","1"
"643058","1","2"
"643060","0","1"
"653697","0","1"
"653717","0","1"
"653721","0","1"
"663057","0","1"
"663057","1","5"
"663077","0","1"
"663077","1","5"
"663081","0","5"
"665106","0","1"
"665106","1","2"
"667394","0","1"
"667394","1","2"
"674413","0","1"
"684697","0","5"
"694347","0","6"
"694347","1","7"
"694349","0","1"
"694349","1","5"
"694350","0","5"
"694350","1","6"
"694375","0","1"
"694375","1","4"
"694388","0","1"
"694388","1","8"
"699743","0","5"
"699743","1","4"
"699743","2","1"
"699746","0","1"
"699754","0","7"
"699764","0","1"
"699764","1","3"
"699780","0","1"
"699784","0","1"
"705960","0","1"
"705962","0","1"
"705964","0","1"
"705965","0","1"
"705966","0","1"
"705972","0","1"
"705977","0","3"
"705977","1","1"
"712728","0","1"
"712731","0","1"
"713286","0","1"
"713288","0","1"
"714070","0","1"
"716349","0","1"
"716405","0","1"
"724612","0","1"
"724621","0","1"
"724657","0","1"
"724676","0","1"
"726006","0","1"
"726006","1","2"
"727119","0","1"
"732880","0","1"
"732880","1","3"
"732910","0","1"
"732910","1","2"
"736543","0","1"
"736559","0","1"
"736563","0","1"
"738676","0","1"
"748611","0","1"
"748620","0","1"
"748625","0","1"
"748631","0","1"
"763990","0","1"
"763992","0","1"
"764006","0","1"
"764006","1","2"
"769187","0","1"
"769187","1","2"
"769191","0","1"
"769351","0","1"
"776490","0","1"
"785502","0","1"
"786472","0","1"
"803539","0","1"
"803545","0","1"
"803562","0","1"
"815036","0","1"
"815036","1","2"
"817384","0","1"
"833395","0","1"
"833395","1","2"
"833396","0","1"
"833713","0","1"
"833718","0","1"
"833718","1","2"
"833769","0","2"
"833786","0","1"
"833817","0","2"
"833824","0","2"
"833832","0","2"
"838395","0","1"
"838401","0","1"
"838405","0","1"
"840565","0","1"
"840568","0","1"
"840581","0","1"
"840581","1","2"
"842077","0","1"
"842086","0","1"
"842092","0","1"
"842092","1","2"
"842107","0","1"
"842107","1","2"
"845416","0","1"
"845416","1","2"
"845426","0","1"
"845432","0","1"
"845432","1","2"
"845592","0","1"
"845592","1","2"
"845604","0","1"
"845604","1","2"
"848654","0","1"
"848665","0","1"
"850135","0","1"
"850135","1","2"
"852111","0","1"
"852111","1","2"
"852996","0","1"
"853000","0","1"
"865642","0","1"
"865642","1","3"
"866922","0","1"
"866922","1","2"
"866922","2","3"
"866922","3","4"
"869772","0","4"
"869777","0","1"
"869820","0","1"
"872064","0","2"
"872087","0","1"
"872087","1","2"
"872507","0","11"
"874395","0","2"
"874406","0","6"
"874640","0","1"
"874640","1","2"
"885310","0","1"
"886319","0","1"
"886765","0","2"
"886765","1","3"
"889622","0","1"
"892983","0","1"
"896624","0","1"
"896629","0","1"
"896629","1","2"
"896629","2","3"
"896878","0","1"
"899183","0","5"
"899209","0","3"
"899211","0","4"
"899247","0","1"
"899860","0","2"
"899860","1","1"
"899861","0","1"
"899861","1","2"
"900904","0","1"
"900906","0","1"
"900921","0","2"
"901301","0","1"
"901301","1","2"
"901305","0","1"
"901305","1","2"
"901307","0","1"
"901307","1","2"
"902799","0","1"
"906643","0","2"
"909186","0","4"
"909201","0","1"
"909201","1","6"
"909208","0","1"
"909208","1","4"
"912531","0","1"
"913747","0","1"
"914171","0","1"
"914176","0","1"
"914176","1","13"
"921791","0","1"
"921796","0","1"
"923768","0","1"
"925569","0","1"
"925569","1","2"
"925574","0","1"
"925574","1","2"
"925765","0","1"
"925765","1","2"
"926632","0","1"
"926640","0","1"
"929220","0","1"
"929680","0","1"
"930884","0","1"
"930884","1","2"
"930902","0","1"
"930909","0","1"
"930909","1","2"
"931308","0","1"
"931323","0","1"
"935177","0","1"
"935183","0","1"
"935190","0","1"
"935459","0","1"
"935484","0","1"
"936114","0","1"
"936114","1","2"
"936136","0","1"
"936136","1","2"
"936140","0","1"
"936140","1","2"
"936253","0","1"
"936263","0","1"
"944308","0","1"
"962874","0","1"
"962876","0","1"
"962876","1","2"
"962878","0","1"
"962878","1","2"
"963036","0","1"
"963770","0","1"
"963775","0","1"
"963776","0","1"
"963776","1","2"
"966337","0","1"
"966443","0","1"
"966592","0","1"
"966690","0","2"
"972283","0","1"
"979043","0","1"
"980769","0","1"
"980778","0","1"
"982109","0","1"
"982109","1","4"
"982265","0","1"
"982366","0","2"
"982366","1","1"
"984924","0","1"
"984924","1","8"
"987376","0","1"
"988806","0","1"
"988806","1","2"
"990121","0","1"
"990121","1","2"
"990124","0","1"
"990124","1","2"
"990553","0","1"
"990553","1","2"
"990554","0","1"
"996412","0","1"
"996487","0","6"
"999213","0","1"
"1008102","0","1"
"1008108","0","1"
"1008113","0","1"
"1008113","1","3"
"1008114","0","1"
"1008114","1","4"
"1008118","0","1"
"1008126","0","1"
"1011047","0","1"
"1011062","0","1"
"1011063","0","1"
"1011063","1","4"
"1011065","0","1"
"1011065","1","4"
"1011074","0","4"
"1011100","0","1"
"1011100","1","4"
"1011102","0","5"
"1011102","1","6"
"1012443","0","1"
"1012444","0","1"
"1012444","1","5"
"1012967","0","1"
"1012967","1","2"
"1015204","0","1"
"1015204","1","2"
"1015205","0","2"
"1015217","0","3"
"1015836","0","1"
"1015845","0","2"
"1015845","1","1"
"1015892","0","3"
"1015935","0","1"
"1044676","0","1"
"1050128","0","1"
"1050128","1","2"
"1050139","0","1"
"1051136","0","1"
"1051141","0","1"
"1061067","0","2"
"1061071","0","1"
"1061074","0","1"
"1061074","1","2"
"1061080","0","1"
"1061080","1","2"
"1063318","0","1"
"1063318","1","3"
"1068058","0","3"
"1068061","0","1"
"1068807","0","7"
"1068807","1","6"
"1068816","0","1"
"1068818","0","1"
"1068818","1","5"
"1068822","0","1"
"1068822","1","3"
"1069493","0","2"
"1069668","0","1"
"1070451","0","1"
"1070455","0","1"
"1070460","0","1"
"1070460","1","3"
"1070461","0","1"
"1072142","0","1422268922772"
"1072149","0","1422268922784"
"1072160","0","1"
"1072172","0","1422268922784"
"1074559","0","1"
"1074654","0","3"
"1074654","1","4"
"1075220","0","3"
"1075253","0","1"
"1075253","1","3"
"1078175","0","2"
"1085409","0","1"
"1085411","0","1"
"1085411","1","2"
"1086702","0","1"
"1086709","0","1"
"1086718","0","1"
"1086724","0","1"
"1086732","0","1"
"1088020","0","1"
"1088058","0","1"
"1088066","0","1"
"1088069","0","1"
"1088078","0","1"
"1088081","0","1"
"1088084","0","1"
"1088467","0","1"
"1088467","1","3"
"1094697","0","1"
"1094703","0","1"
"1094707","0","1"
"1094707","1","2"
"1094724","0","1"
"1095853","0","1"
"1095855","0","1"
"1095866","0","1"
"1095867","0","1"
"1096189","0","1"
"1104894","0","1"
"1104895","0","1"
"1104901","0","2"
"1104908","0","2"
"1105125","0","1"
"1105128","0","1"
"1105128","1","2"
"1111503","0","1"
"1111517","0","7"
"1111523","0","1"
"1111526","0","1"
"1111530","0","1"
"1111530","1","2"
"1111531","0","1"
"1111533","0","1"
"1111533","1","2"
"1111540","0","5"
"1111542","0","5"
"1112983","0","1"
"1112983","1","2"
"1119893","0","1"
"1119893","1","4"
"1119903","0","1"
"1119910","0","1"
"1119910","1","2"
"1124996","0","2"
"1125008","0","1"
"1126459","0","1"
"1126622","0","4"
"1126639","0","1"
"1126639","1","2"
"1126659","0","1420760560034"
"1126664","0","1420760560033"
"1130141","0","1"
"1132961","0","6"
"1138789","0","1"
"1139079","0","1"
"1139097","0","1"
"1139097","1","2"
"1140637","0","1"
"1140637","1","2"
"1140644","0","1"
"1147523","0","1"
"1148031","0","1"
"1148031","1","4"
"1148043","0","1"
"1149977","0","1"
"1149977","1","2"
"1155871","0","1"
"1055250","0","1"
"1055250","1","2"
"1162814","0","1"
"1162814","1","2"
"1164834","0","4"
"1164843","0","1"
"1164843","1","4"
"1164845","0","1"
"1164845","1","5"
"1172182","0","1"
"1172187","0","1"
"1172191","0","1"
"1172191","1","2"
"1178933","0","1"
"1178944","0","5"
"1210246","0","1422268922767"
"1210251","0","1420760560036"
"1210251","1","1420760560037"
"1210264","0","1420760560037"
"1210266","0","1420760560048"
"1210271","0","1420760560040"
"1210273","0","1420760560038"
"1210275","0","1420760560035"
"1210275","1","1420760560036"
"1210286","0","1422268922786"
"1210295","0","1422268922789"
"1210297","0","1420760560062"
"1210456","0","1"
"1210456","1","2"
"1210457","0","1"
"1225373","0","2"
"1230163","0","1"
"1230174","0","1"
"1230174","1","2"
"1230180","0","1"
"1230195","0","1"
"1230196","0","3"
"1230196","1","1"
"1230922","0","1"
"1230922","1","2"
"1230924","0","1"
"1230925","0","1"
"1230926","0","1"
"1230927","0","1"
"1257893","0","1"
"1257898","0","1"
"1262946","0","1"
"1262970","0","1"
"1262975","0","1"
"1262991","0","2"
"1262991","1","1"
"1269238","0","1"
"1269238","1","2"
"1270453","0","1"
"1270453","1","2"
"1270467","0","1"
"1270803","0","2"
"1276870","0","1"
"1276870","1","5"
"1278117","0","1"
"1278117","1","2"
"1278127","0","2"
"1278127","1","5"
"1278128","0","2"
"1280270","0","1"
"1280270","1","2"
"1280273","0","3"
"1280288","0","1"
"1280288","1","2"
"1280819","0","1"
"1280820","0","1"
"1280820","1","3"
"1280822","0","1"
"1280822","1","3"
"1283145","0","1"
"1283145","1","2"
"1283147","0","1"
"1283151","0","1"
"1283166","0","3"
"1283173","0","1"
"1283178","0","8"
"1283187","0","1"
"1283187","1","2"
"1287453","0","4"
"1287454","0","2"
"1287465","0","2"
"1287474","0","2"
"1289674","0","1"
"1289677","0","1"
"1289681","0","1"
"1289681","1","2"
"1289687","0","1"
"1289743","0","1"
"1289743","1","2"
"1289746","0","1"
"1295101","0","1"
"1295103","0","1"
"1295103","1","2"
"1295107","0","1"
"1295111","0","1"
"1295111","1","2"
"1296231","0","3"
"1299033","0","1"
"1299038","0","1"
"1299038","1","2"
"1299041","0","1"
"1299079","0","1"
"1299681","0","1"
"1301677","0","1"
"1301678","0","1"
"1301679","0","2"
"1304245","0","1"
"1308011","0","1"
"1308011","1","4"
"1308061","0","1"
"1308061","1","2"
"1327067","0","1"
"1327067","1","2"
"1327085","0","1"
"1337416","0","1"
"1337457","0","8"
"1347409","0","1"
"1349550","0","1"
"1349550","1","2"
"1352108","0","1"
"1348471","0","1"
"1348471","1","2"
"1352588","0","6"
"1348516","0","1"
"1348339","0","1"
"1348343","0","1"
"1348343","1","2"
"1348354","0","1"
"1347915","0","1"
"1347917","0","1"
"1347917","1","2"
"1347920","0","1"
"1347920","1","2"
"1347922","0","1"
"1346516","0","1"
"1346525","0","1"
"1346605","0","1"
"1346605","1","2"
"1346675","0","1"
"1347808","0","1"
"1353840","0","1"
"1353840","1","2"
"1353846","0","1"
"1353846","1","2"
"1355270","0","7"
"1355272","0","1"
"1355273","0","1"
"1355279","0","1"
"1355279","1","2"
"1355280","0","3"
"1355282","0","2"
"1355286","0","6"
"1355296","0","1"
"1355296","1","2"
"1355297","0","1"
"1355298","0","1"
"1355299","0","1"
"1355304","0","1"
"1355305","0","5"
"1355312","0","1"
"1355312","1","2"
"1355424","0","1"
"1355424","1","2"
"1357491","0","1"
"1357491","1","2"
"1358209","0","1"
"1359787","0","1"
"1359787","1","2"
"1359815","0","1"
"1359815","1","2"
"1360900","0","1"
"1360900","1","2"
"1360909","0","1"
"1365828","0","1"
"1368063","0","1"
"1368063","1","2"
"1368765","0","1"
"1368765","1","2"
"1368800","0","1"
"1368802","0","1"
"1368907","0","1"
"1369723","0","1"
"1369723","1","2"
"1369727","0","4"
"1369728","0","1"
"1369728","1","2"
"1370242","0","1"
"1370320","0","2"
"1380469","0","3"
"1380469","1","4"
"1382612","0","1"
"1382632","0","1"
"1383406","0","5"
"1064983","0","2"
"1079996","0","1"
"1089545","0","5"
"1089559","0","1"
"1385167","0","1"
"1385171","0","8"
"1385173","0","1"
"1385176","0","6"
"1385177","0","1"
"1385181","0","7"
"1385186","0","2"
"1385190","0","6"
"1385968","0","1422268922805"
"1385984","0","1"
"1385999","0","1422268922802"
"1385999","1","1422268922803"
"1387217","0","1"
"1387217","1","3"
"1387232","0","1"
"1387232","1","2"
"1387237","0","1"
"1387238","0","1"
"1387238","1","2"
"1388999","0","14"
"1389000","0","1"
"1389006","0","11"
"1389007","0","1"
"1389018","0","16"
"1390065","0","2"
"1391922","0","1"
"1391940","0","1"
"1391940","1","2"
"1391941","0","1"
"1391944","0","6"
"1392295","0","1"
"1392295","1","2"
"1392723","0","1"
"1397212","0","1"
"1397212","1","2"
"1397213","0","1"
"1398469","0","1425016297964"
"1401600","0","1"
"1403030","0","1"
"1403030","1","10"
"1403160","0","1"
"1403169","0","1"
"1403179","0","1"
"1403181","0","1"
"1404901","0","1"
"1404901","1","2"
"1404906","0","1"
"1404906","1","2"
"1404912","0","1"
"1404920","0","1"
"1404920","1","2"
"1404931","0","1"
"1404944","0","2"
"1404952","0","1"
"1404954","0","1"
"1410420","0","1"
"1412209","0","1"
"1412215","0","1"
"1412215","1","2"
"1412220","0","1"
"1412228","0","1"
"1412243","0","1"
"1412243","1","2"
"1412250","0","1"
"1412257","0","1"
"1412259","0","7"
"1412265","0","1"
"1414097","0","2"
"1414098","0","3"
"1414099","0","3"
"1414486","0","1"
"1414486","1","2"
"1414487","0","1"
"1415118","0","1"
"1415131","0","1"
"1415131","1","2"
"1418038","0","1"
"1418132","0","11"
"1418166","0","1"
"1420508","0","1"
"1420520","0","1"
"1420520","1","3"
"1424690","0","1"
"1424692","0","1"
"1424694","0","1"
"1424694","1","2"
"1424696","0","1"
"1424705","0","1"
"1424722","0","1"
"1428056","0","5"
"1428059","0","1"
"1428067","0","1"
"1428067","1","5"
"1428068","0","1"
"1428068","1","4"
"1428070","0","1"
"1428070","1","4"
"1429111","0","1"
"1429111","1","2"
"1429122","0","1"
"1431175","0","1"
"1431175","1","2"
"1432730","0","3"
"1433042","0","4"
"1433042","1","5"
"1433239","0","1"
"1433239","1","2"
"1433961","0","1425016297967"
"1434581","0","1422240830530"
"1434581","1","1422240830531"
"1435694","0","1"
"1435697","0","1"
"1435703","0","1"
"1435704","0","1"
"1435705","0","1"
"1435705","1","2"
"1435709","0","1"
"1436756","0","1"
"1440946","0","1"
"1440946","1","2"
"1440941","0","1"
"1442946","0","1"
"1442946","1","2"
"1443067","0","1"
"1444083","0","1"
"1447314","0","1"
"1449790","0","1425016297967"
"1450265","0","1"
"1450265","1","2"
"1453866","0","1"
"1456085","0","1425016297956"
"1456093","0","1425016297966"
"1418128","0","1"
"1458250","0","1425016297937"
"1458250","1","1425016297936"
"1458888","0","3"
"1458898","0","1"
"1458905","0","1"
"1458905","1","2"
"1460278","0","1"
"1460282","0","1"
"1460282","1","2"
"1473965","0","1"
"1476198","0","1"
"1476201","0","1"
"1476217","0","1"
"1476217","1","2"
"1476233","0","1"
"1476246","0","1"
"1476246","1","2"
"1480777","0","1"
"1480791","0","1"
"1480791","1","2"
"1481527","0","1"
"1487575","0","1"
"1487629","0","1"
"1487629","1","3"
"1487636","0","1"
"1487636","1","2"
"1490596","0","1"
"1490607","0","1"
"1490609","0","1"
"1490610","0","1"
"1505875","0","1"
"1505882","0","1"
"1505882","1","2"
"1505885","0","1"
"1505885","1","2"
"1505888","0","1"
"1505900","0","1"
"1505901","0","1"
"1505903","0","1"
"1508480","0","23"
"1511921","0","1"
"1511922","0","1"
"1511922","1","2"
"1518442","0","1"
"1518442","1","2"
"1518761","0","1"
"1518774","0","1"
"1520236","0","3"
"1532195","0","1"
"1532195","1","2"
"1535850","0","1"
"1535863","0","1"
"1546602","0","1"
"1549689","0","2"
"1549703","0","1"
"1549711","0","4"
"1554239","0","1"
"1554240","0","1"
"1554244","0","1"
"1562191","0","1"
"1562320","0","1"
"1562320","1","2"
"1562320","2","6"
"1562320","3","7"
"1565531","0","2"
"1565531","1","3"
"1565584","0","1"
"1567403","0","1"
"1567403","1","2"
"1568325","0","1"
"1568332","0","4"
"1568336","0","1"
"1568477","0","1"
"1568494","0","1"
"1575428","0","1"
"1575431","0","1"
"1575431","1","2"
"1575433","0","1"
"1575441","0","1"
"1575441","1","2"
"1575444","0","1"
"1575451","0","1"
"1576348","0","1"
"1576348","1","2"
"1576349","0","1"
"1576350","0","1"
"1576350","1","2"
"1576354","0","1"
"1576359","0","1"
"1576367","0","1"
"1576370","0","1"
"1576370","1","2"
"1577319","0","1"
"1577325","0","1"
"1577325","1","2"
"1577327","0","1"
"1577331","0","1"
"1580908","0","2"
"1588846","0","1"
"1588851","0","1"
"1588862","0","1"
"1588862","1","2"
"1591347","0","1"
"1591428","0","2"
"1591430","0","1"
"1591431","0","1"
"1591432","0","1"
"1591433","0","1"
"1591445","0","1"
"1591453","0","1"
"1591455","0","1"
"1591455","1","2"
"1591456","0","2"
"1591465","0","1"
"1591468","0","1"
"1591474","0","1"
"1591475","0","1"
"1591475","1","2"
"1591479","0","5"
"1591493","0","1"
"1593481","0","1"
"1593481","1","2"
"1593491","0","1"
"1593491","1","2"
"1593499","0","1"
"1596298","0","1"
"1603564","0","1"
"1604081","0","1"
"1604097","0","1"
"1605326","0","5"
"1606170","0","1"
"1621189","0","1"
"1621192","0","1"
"1621192","1","2"
"1621195","0","1"
"1621198","0","1"
"1621202","0","1"
"1621204","0","1"
"1621613","0","1"
"1621613","1","2"
"1621617","0","1"
"1621617","1","2"
"1624609","0","1"
"1624619","0","1"
"1624619","1","2"
"1624618","0","1"
"1624618","1","2"
"1624615","0","1"
"1624615","1","2"
"1632237","0","1"
"1632237","1","2"
"1650482","0","2"
"1650482","1","1"
"1650490","0","1"
"1652962","0","1"
"1655146","0","1"
"1655147","0","1"
"1655147","1","2"
"1655529","0","2"
"1655530","0","1"
"1655530","1","2"
"1655533","0","1"
"1655533","1","2"
"1657212","0","1"
"1657212","1","2"
"1657220","0","1"
"1660489","0","1"
"1660490","0","1"
"1660491","0","1"
"1660493","0","1"
"1660497","0","2"
"1660497","1","3"
"1665099","0","1"
"1673493","0","1"
"1673496","0","1"
"1673496","1","2"
"1673512","0","1"
"1673525","0","1"
"1673525","1","2"
"1673529","0","1"
"1673535","0","1"
"1673537","0","2"
"1673542","0","2"
"1673542","1","1"
"1673656","0","1"
"1673656","1","2"
"1673671","0","1"
"1673877","0","1"
"1673902","0","1"
"1673902","1","2"
"1683217","0","2"
"1683217","1","3"
"1683238","0","1"
"1688008","0","1"
"1688012","0","5"
"1688012","1","6"
"1688029","0","1"
"1690688","0","1428756138404"
"1690692","0","1428756138405"
"1690694","0","1428756138406"
"1690694","1","1428756138407"
"1690695","0","1428756138406"
"1690696","0","1428756138406"
"1690702","0","1428756138407"
"1690705","0","1428756138406"
"1694263","0","1"
"1694272","0","1"
"1701704","0","2"
"1701710","0","1"
"1701713","0","1"
"1701718","0","1"
"1701724","0","1"
"1730665","0","1"
"1732953","0","1"
"1732955","0","1"
"1732959","0","1"
"1732971","0","1"
"1732973","0","1"
"1739194","0","1"
"1739214","0","1"
"1739219","0","1"
"1739221","0","1"
"1740232","0","1"
"1740249","0","1"
"1740249","1","2"
"1740536","0","1"
"1740783","0","1"
"1740787","0","1"
"1740795","0","1"
"1740805","0","1"
"1749549","0","1"
"1749549","1","2"
"1749574","0","1"
"1749596","0","4"
"1749597","0","1"
"1753530","0","3"
"1758026","0","1"
"1758026","1","2"
"1758027","0","1"
"1758032","0","1"
"1759490","0","1"
"1759504","0","1"
"1759658","0","1"
"1759658","1","2"
"1765976","0","1"
"1765976","1","2"
"1766364","0","7"
"1766369","0","1"
"1766487","0","1"
"1766639","0","1"
"1766639","1","2"
"1766641","0","2"
"1766675","0","2"
"1766678","0","1"
"1766680","0","1"
"1766705","0","1"
"1766705","1","2"
"1766721","0","6"
"1766736","0","2"
"1766736","1","3"
"1766736","2","8"
"1766741","0","1"
"1769409","0","1"
"1769430","0","2"
"1770497","0","1"
"1772820","0","3"
"1773851","0","6"
"1774323","0","1"
"1774352","0","1"
"1778771","0","1"
"1778777","0","1"
"1778777","1","2"
"1778785","0","1"
"1778788","0","1"
"1778789","0","1"
"1787430","0","1"
"1787430","1","2"
"1787431","0","1"
"1787435","0","1"
"1787435","1","2"
"1787437","0","1"
"1787441","0","1"
"1787454","0","1"
"1787455","0","1"
"1787459","0","1"
"1787459","1","2"
"1787461","0","1"
"1787461","1","2"
"1788475","0","1"
"1788481","0","1"
"1788481","1","2"
"1788486","0","1"
"1790675","0","1"
"1790679","0","1"
"1790679","1","2"
"1790691","0","1"
"1790694","0","1"
"1790696","0","1"
"1790705","0","1"
"1793322","0","1"
"1793325","0","1"
"1796147","0","1"
"1797712","0","1"
"1803243","0","1"
"1808830","0","1"
"1808838","0","1"
"1845706","0","1"
"1846585","0","1"
"1847243","0","1"
"1847242","0","1"
"1847469","0","1"
"1847470","0","1"
"1847578","0","1"
"1847586","0","1"
"1847586","1","2"
"1847591","0","1"
"1847596","0","1"
"1847598","0","1"
"1854899","0","1"
"1854910","0","1"
"1858788","0","1"
"1858909","0","2"
"1858909","1","1"
"1858911","0","1"
"1858911","1","2"
"1858924","0","1"
"1858924","1","2"
"1859006","0","2"
"1859011","0","1"
"1859738","0","1"
"1859740","0","1"
"1859743","0","1"
"1859752","0","1"
"1859756","0","1"
"1859758","0","1"
"1859774","0","1"
"1859775","0","1"
"1859784","0","1"
"1859785","0","1"
"1860859","0","1"
"1860870","0","1"
"1862324","0","5"
"1866530","0","1428756138409"
"1866530","1","1428756138410"
"1866536","0","1428756138409"
"1866539","0","1428756138409"
"1866539","1","1428756138410"
"1866624","0","1428756138410"
"1866624","1","1428756138411"
"1866626","0","1428756138411"
"1866626","1","1428756138412"
"1866628","0","1428756138411"
"1866629","0","1428756138411"
"1866633","0","1428756138412"
"1870923","0","1"
"1870923","1","2"
"1870936","0","1"
"1870936","1","2"
"1870937","0","1"
"1870941","0","1"
"1870946","0","2"
"1870953","0","1"
"1870956","0","2"
"1870968","0","1"
"1870976","0","1"
"1870976","1","2"
"1873696","0","1"
"1873705","0","1"
"1873719","0","1"
"1873724","0","2"
"1878003","0","1"
"1878007","0","1"
"1878012","0","1"
"1878012","1","2"
"1878013","0","1"
"1882835","0","1"
"1887170","0","1"
"1887170","1","2"
"1887176","0","1"
"1887180","0","7"
"1887188","0","1"
"1887192","0","1"
"1887821","0","1"
"1887828","0","1"
"1887983","0","1"
"1887987","0","2"
"1887991","0","1"
"1887998","0","1"
"1888003","0","1"
"1888003","1","2"
"1888007","0","1"
"1888026","0","1"
"1888034","0","1"
"1888037","0","1"
"1888049","0","1"
"1888049","1","2"
"1888057","0","1"
"1888070","0","1"
"1892954","0","1"
"1898921","0","1"
"1898923","0","1"
"1898927","0","1"
"1898933","0","1"
"1898934","0","1"
"1898938","0","1"
"1898938","1","5"
"1898941","0","1"
"1898943","0","1"
"1898943","1","2"
"1898945","0","1"
"1898945","1","2"
"1898949","0","1"
"1898951","0","1"
"1898951","1","2"
"1904884","0","1"
"1904898","0","1"
"1904898","1","2"
"1904899","0","1"
"1905943","0","1"
"1905943","1","2"
"1905948","0","1"
"1905951","0","6"
"1905957","0","1"
"1905962","0","1"
"1905965","0","1"
"1905965","1","2"
"1905978","0","1"
"1905981","0","2"
"1905995","0","3"
"1906609","0","1"
"1906824","0","1"
"1906831","0","1"
"1910176","0","1"
"1910187","0","1"
"1913087","0","1"
"1913087","1","2"
"1913093","0","1"
"1913125","0","1"
"1913125","1","2"
"1913129","0","1"
"1913129","1","2"
"1913132","0","1"
"1913133","0","1"
"1913135","0","1"
"1914536","0","1"
"1914536","1","2"
"1921335","0","1"
"1935998","0","1"
"1944259","0","1"
"1944262","0","2"
"1944290","0","1"
"1945925","0","1"
"1945925","1","2"
"1945928","0","1"
"1947294","0","1"
"1947306","0","1"
"1952690","0","1428756138405"
"1952692","0","1428756138406"
"1952692","1","1428756138407"
"1952697","0","1428756138407"
"1952697","1","1428756138408"
"1952702","0","1428756138408"
"1962192","0","1"
"1963384","0","1"
"1963390","0","1"
"1963404","0","1"
"1964595","0","8"
"1964596","0","1"
"1967345","0","1"
"1967345","1","2"
"1967729","0","1"
"1967729","1","2"
"1967731","0","1"
"1967731","1","2"
"1968483","0","1"
"1970966","0","2"
"1971095","0","1"
"1971095","1","2"
"1973739","0","1"
"1973850","0","1"
"1973869","0","1"
"1973877","0","1"
"1973877","1","2"
"1975846","0","1"
"1980719","0","2"
"1980720","0","1"
"1986171","0","1"
"1986613","0","1"
"1986615","0","1"
"1986615","1","3"
"1987438","0","1"
"1987781","0","1"
"1987787","0","1"
"1987792","0","1"
"1990068","0","1"
"1990068","1","2"
"1990087","0","1"
"1999760","0","1"
"1999761","0","1"
"1999761","1","2"
"1999762","0","1"
"1999771","0","1"
"1999771","1","2"
"2003256","0","1"
"2003256","1","2"
"2003259","0","1"
"2003259","1","2"
"2003261","0","1"
"2003285","0","1"
"2003285","1","2"
"2007552","0","1"
"2007555","0","1"
"2009460","0","2"
"2009546","0","1"
"2009550","0","1"
"2009552","0","1428756138401"
"2009570","0","1428756138402"
"2011345","0","1"
"2013027","0","1"
"2013027","1","2"
"2013477","0","8"
"2013481","0","1"
"2013482","0","1"
"2013484","0","1"
"2020550","0","1"
"2034060","0","1"
"2034064","0","1"
"2034100","0","1"
"2034101","0","1"
"2034101","1","3"
"2034133","0","2"
"2034133","1","1"
"2034150","0","1"
"2034150","1","2"
"2034167","0","1"
"2034167","1","3"
"2034176","0","1"
"2034202","0","1"
"2034299","0","1"
"2034299","1","2"
"2034309","0","1"
"2034309","1","2"
"2034318","0","1"
"2034318","1","2"
"2034319","0","1"
"2034323","0","1"
"2034357","0","1"
"2034374","0","1"
"2051711","0","2"
"2051719","0","1"
"2051723","0","1"
"2051739","0","1"
"2051739","1","2"
"2063707","0","1"
"2063707","1","2"
"2073524","0","1"
"2073526","0","1"
"2073534","0","1"
"2075320","0","1"
"2075330","0","1"
"2075348","0","1"
"2075848","0","1"
"2075863","0","1"
"2075866","0","1"
"2078741","0","6"
"1269224","0","1"
"1269224","1","2"
"2082901","0","1"
"2082902","0","6"
"2091429","0","2"
"2091431","0","2"
"2091468","0","1"
"2091474","0","1"
"2091475","0","1"
"2096707","0","1"
"2096720","0","1"
"2096720","1","4"
"2096727","0","1"
"2096748","0","1"
"2101154","0","1"
"2101159","0","1"
"2101159","1","2"
"2101161","0","1"
"2101247","0","10"
"2101248","0","4"
"2101250","0","11"
"2101252","0","1"
"2101258","0","2"
"2107526","0","1"
"2107526","1","2"
"2108125","0","1"
"2108125","1","2"
"2108143","0","1"
"2108144","0","1"
"2108146","0","1"
"2108146","1","7"
"2108161","0","1"
"2108161","1","3"
"2108162","0","1"
"2108166","0","1"
"2108178","0","1"
"2108178","1","7"
"2108181","0","12"
"2108181","1","4"
"2108185","0","1"
"2108185","1","5"
"2108186","0","6"
"2123443","0","1"
"2123443","1","2"
"2125206","0","1"
"2131648","0","1"
"2133925","0","1"
"2133925","1","2"
"2133928","0","2"
"2133940","0","1"
"2133941","0","1"
"2153154","0","1"
"2153158","0","1"
"2154239","0","1"
"2154240","0","1"
"2200134","0","1"
"2200135","0","1"
"2200156","0","1"
"2211502","0","1"
"2219261","0","1"
"2219265","0","1"
"2219650","0","1"
"2219652","0","1"
"2230886","0","1"
"2230921","0","1"
"2233617","0","1"
"2242806","0","1"
"2242806","1","3"
"2242806","2","4"
"2244231","0","1"
"2244232","0","1"
"2244232","1","2"
"2244266","0","1"
"2244268","0","1"
"2250219","0","1"
"2250226","0","1"
"2250228","0","2"
"2250229","0","1"
"2250231","0","1"
"2250231","1","2"
"2250235","0","1"
"2250235","1","2"
"2250237","0","1"
"2250239","0","1"
"2253069","0","1"
"2253070","0","1"
"2253075","0","1"
"2253079","0","1"
"2253079","1","2"
"2253080","0","1"
"2256411","0","1"
"2256411","1","2"
"2256418","0","1"
"2273387","0","1"
"2286173","0","1"
"2312457","0","1"
"2323072","0","1"
"2323075","0","1"
"2323075","1","5"
"2323080","0","1"
"2323086","0","1"
"2323090","0","1"
"2323100","0","4"
"2323100","1","5"
"2323101","0","4"
"2323102","0","1"
"2323102","1","6"
"2323103","0","5"
"2323104","0","5"
"2323105","0","1"
"2323105","1","7"
"2323109","0","1"
"2323109","1","5"
"2323110","0","1"
"2323112","0","1"
"2323113","0","1"
"2323113","1","6"
"2323131","0","1"
"2323142","0","1"
"2323143","0","1"
"2323146","0","1"
"2323152","0","1"
"2323152","1","2"
"2323153","0","1"
"2323157","0","1"
"2323157","1","2"
"2323158","0","1"
"2323159","0","1"
"2323191","0","1"
"2323191","1","2"
"2327918","0","1"
"2327920","0","1"
"2327920","1","2"
"2327921","0","1"
"2327922","0","1"
"2327922","1","2"
"2329689","0","1"
"2332325","0","1"
"2333056","0","1"
"2333071","0","1"
"2335902","0","1"
"2335902","1","2"
"2335908","0","1"
"2335908","1","2"
"2335913","0","1"
"2338021","0","1"
"2351502","0","1"
"2358477","0","1"
"2358479","0","1"
"2358479","1","2"
"2358494","0","1"
"2361488","0","1"
"2361488","1","2"
"2361492","0","1"
"2372727","0","1"
"2372727","1","2"
"2372729","0","1"
"2372729","1","2"
"2377094","0","1"
"2377095","0","1"
"2377097","0","1"
"2377098","0","1"
"2377098","1","2"
"2377099","0","1"
"2377100","0","1"
"2377100","1","2"
"2377103","0","1"
"2377103","1","2"
"2377163","0","1"
"2377165","0","1"
"2377196","0","7"
"2377909","0","1"
"2377909","1","2"
"2377916","0","1"
"2377922","0","1"
"2377932","0","1"
"2377934","0","1"
"2377978","0","1"
"2377985","0","1"
"2387191","0","1"
"2387203","0","2"
"2387212","0","1"
"2387217","0","1"
"2387224","0","2"
"2387232","0","1"
"2387232","1","2"
"2387239","0","1"
"2387239","1","2"
"2387241","0","2"
"2387243","0","1"
"2387313","0","1"
"2387313","1","2"
"2402541","0","1"
"2402549","0","1"
"2406672","0","1"
"2413841","0","1"
"2455036","0","1"
"2461487","0","2"
"2461487","1","3"
"2461488","0","1"
"2461488","1","2"
"2461489","0","3"
"2461498","0","2"
"2461499","0","1"
"2461503","0","1"
"2465384","0","1"
"2469490","0","2"
"2469501","0","1"
"2476695","0","2"
"2476695","1","15"
"2476699","0","2"
"2476699","1","13"
"2476701","0","1"
"2476701","1","2"
"2476702","0","1"
"2476703","0","1"
"2476703","1","2"
"2476709","0","13"
"2476713","0","11"
"2476715","0","13"
"2481644","0","1"
"2481644","1","2"
"2481646","0","1"
"2481647","0","1"
"2481647","1","2"
"2481650","0","13"
"2486598","0","1"
"2486603","0","4"
"2487098","0","3"
"2487863","0","1"
"2487863","1","2"
"2487868","0","1"
"2487871","0","1"
"2487883","0","1"
"2495547","0","1"
"2495547","1","2"
"2495550","0","1"
"2495550","1","2"
"2495551","0","5"
"2495554","0","1"
"2495554","1","2"
"2496044","0","1"
"2496048","0","1"
"2496048","1","3"
"2496068","0","1"
"2496070","0","1"
"2496082","0","1"
"2496083","0","1"
"2498303","0","1"
"2498303","1","2"
"2504187","0","1"
"2504198","0","1"
"2504202","0","1"
"2504203","0","1"
"2504205","0","1"
"2511817","0","1"
"2511832","0","1"
"2511832","1","2"
"2511841","0","1"
"2528197","0","1"
"2528197","1","2"
"2528199","0","1"
"2530191","0","1"
"2530201","0","2"
"2530201","1","1"
"2530215","0","1"
"2530216","0","1"
"2530222","0","1"
"2553949","0","1"
"2553960","0","1"
"2553968","0","5"
"2553982","0","2"
"2553996","0","1"
"2553996","1","2"
"2559682","0","1"
"2566012","0","1"
"2566014","0","2"
"2566018","0","1"
"2566018","1","2"
"2566297","0","1"
"2566299","0","2"
"2566299","1","1"
"2566305","0","1"
"2566318","0","1"
"2566321","0","1"
"2567664","0","1"
"2567667","0","1"
"2567667","1","2"
"2567677","0","2"
"2567693","0","1"
"2567699","0","1"
"2567706","0","1"
"2567708","0","1"
"2567713","0","1"
"2568820","0","1"
"2568820","1","2"
"2588391","0","1"
"2588392","0","1"
"2588398","0","1"
"2588398","1","2"
"2588399","0","1"
"2588400","0","5"
"2590258","0","1"
"2590260","0","1"
"2590260","1","2"
"2590264","0","1"
"2600003","0","1"
"2600003","1","2"
"2600016","0","1"
"2600040","0","1"
"2600040","1","2"
"2601671","0","5"
"2601673","0","1"
"2604772","0","1"
"2604780","0","1"
"2604782","0","1"
"2605293","0","1"
"2605303","0","1"
"2609015","0","1"
"2609015","1","2"
"2609016","0","1"
"2609028","0","1"
"2609042","0","1"
"2625153","0","1"
"2625153","1","2"
"2625161","0","3"
"2625165","0","1"
"2630253","0","1"
"2630264","0","1"
"2630288","0","1"
"2630289","0","1"
"2630300","0","1"
"2630301","0","1"
"2630301","1","2"
"2636409","0","1"
"2636409","1","2"
"2636411","0","1"
"2636411","1","2"
"2636426","0","1"
"2640934","0","1"
"2640935","0","1"
"2642352","0","1"
"2642352","1","2"
"2655664","0","1"
"2655680","0","3"
"2655685","0","1"
"2655687","0","1"
"2655689","0","6"
"2660878","0","3"
"2660879","0","5"
"2660880","0","1"
"2660881","0","2"
"2660884","0","1"
"2660898","0","1"
"2663083","0","2"
"2663090","0","1"
"2663107","0","6"
"2666143","0","1"
"2666143","1","2"
"2666146","0","2"
"2666146","1","1"
"2666149","0","1"
"2666154","0","1"
"2666161","0","7"
"2681092","0","7"
"2681093","0","2"
"2681095","0","1"
"2681099","0","1"
"2681099","1","2"
"2681119","0","3"
"2681120","0","1"
"1853912","0","1"
"1853970","0","1"
"1853970","1","2"
"2689395","0","1"
"2689395","1","2"
"2689403","0","1"
"2689408","0","2"
"2689416","0","1"
"2689432","0","1"
"2689436","0","1"
"2689473","0","1"
"2689492","0","1"
"2689502","0","1"
"2689502","1","2"
"2689505","0","1"
"2689523","0","1"
"2689998","0","6"
"2690000","0","1"
"2692945","0","1"
"2692945","1","2"
"2692956","0","1"
"2697600","0","1"
"2706523","0","4"
"2706523","1","5"
"2710572","0","1"
"2710572","1","2"
"2710577","0","1"
"2710613","0","1"
"2710616","0","1"
"2710616","1","2"
"2710618","0","1"
"2710629","0","1"
"2710636","0","1"
"2710641","0","1"
"2710641","1","2"
"2710669","0","1"
"2710669","1","2"
"2711728","0","1"
"2711744","0","1"
"2711744","1","2"
"2711747","0","4"
"2712146","0","1"
"2712332","0","1"
"2712340","0","1"
"2712815","0","1"
"2712815","1","2"
"2712819","0","1"
"2712830","0","1"
"2712840","0","1"
"2712918","0","1"
"2712922","0","1"
"2712928","0","1"
"2712936","0","1"
"2712947","0","1"
"2712950","0","1"
"2712963","0","1"
"2712965","0","4"
"2712997","0","1"
"2713006","0","1"
"2713011","0","5"
"2713013","0","1"
"2713077","0","1"
"2713080","0","1"
"2713086","0","1"
"2713092","0","1"
"2713092","1","2"
"2713096","0","1"
"2713100","0","1"
"2713100","1","2"
"2713101","0","1"
"2713101","1","2"
"2713147","0","1"
"2713174","0","1"
"2713182","0","1"
"2713211","0","1"
"2713211","1","2"
"2713230","0","1"
"2713230","1","2"
"2713252","0","1"
"2713256","0","1"
"2713256","1","2"
"2713262","0","1"
"2713262","1","1"
"2713264","0","1"
"2713620","0","1"
"2715223","0","1"
"2715225","0","1"
"2715226","0","1"
"2718979","0","1425016297938"
"2718991","0","1"
"2718995","0","1"
"2721808","0","1"
"2725622","0","2"
"2729072","0","1"
"2729072","1","3"
"2729073","0","1"
"2754573","0","1"
"2755041","0","2"
"2755811","0","1"
"2641193","0","1"
"2647082","0","1"
"2647796","0","2"
"2651238","0","1"
"2651238","1","2"
"2651241","0","1"
"2652939","0","1"
"2652943","0","1"
"2764749","0","1"
"2764758","0","1"
"2764759","0","1"
"2764759","1","2"
"2764760","0","1"
"2764763","0","3"
"2764769","0","3"
"2764771","0","1"
"2764899","0","1"
"2764915","0","1"
"2764915","1","6"
"2765063","0","1"
"2765069","0","1"
"2765074","0","1"
"2765080","0","1"
"2765082","0","1"
"2765102","0","6"
"2765105","0","1"
"2765205","0","1"
"2765205","1","4"
"2765208","0","5"
"2765208","1","6"
"2765210","0","1"
"2765212","0","5"
"2765212","1","6"
"2765220","0","1"
"2765220","1","4"
"2765226","0","1"
"2765261","0","1"
"2765262","0","1"
"2765266","0","1"
"2765293","0","1"
"2765334","0","1"
"2765351","0","6"
"2765364","0","1"
"2765364","1","5"
"2765369","0","1"
"2765378","0","4"
"2765384","0","1"
"2765384","1","4"
"2788795","0","2"
"2788800","0","1"
"2788800","1","2"
"2788808","0","1"
"2788808","1","2"
"2788823","0","1"
"2788826","0","1"
"2788833","0","1"
"2788833","1","2"
"2788840","0","1"
"2788845","0","1"
"2788910","0","1"
"2788910","1","2"
"2802851","0","1"
"2802934","0","1"
"2802956","0","1"
"2803922","0","1"
"2803929","0","1"
"2803957","0","1"
"2803957","1","2"
"2803958","0","1"
"2803971","0","1"
"2815188","0","1"
"2815188","1","2"
"2815194","0","1"
"2815194","1","2"
"2815311","0","1"
"2838454","0","2"
"2838460","0","1"
"2838730","0","1"
"2838730","1","2"
"2838731","0","7"
"2838732","0","1"
"2838732","1","2"
"2855343","0","2"
"2855359","0","1"
"2859134","0","11"
"2859145","0","1"
"2859150","0","1"
"2859151","0","1"
"2859151","1","2"
"2859152","0","2"
"2859153","0","1"
"2859160","0","2"
"2859311","0","1"
"2859311","1","5"
"2859317","0","5"
"2859318","0","1"
"2862083","0","1"
"2864494","0","1"
"2864494","1","2"
"2864516","0","4"
"2864528","0","1"
"2864529","0","1"
"2864531","0","1"
"2864534","0","1"
"2864561","0","1"
"2870076","0","1"
"2870076","1","2"
"2870082","0","1"
"2877067","0","1"
"2877072","0","1"
"2877075","0","1"
"2877078","0","1"
"2877083","0","1"
"2877100","0","1"
"2877100","1","2"
"2878873","0","1"
"2878878","0","1"
"2878883","0","1"
"2878883","1","2"
"2880006","0","2"
"2880007","0","1"
"2880011","0","1"
"2880014","0","1"
"2880017","0","1"
"2880017","1","2"
"2880023","0","1"
"2880026","0","1"
"2880026","1","2"
"2880026","2","3"
"2880028","0","1"
"2880030","0","1"
"2880039","0","1"
"2880039","1","2"
"2880042","0","1"
"2880140","0","1"
"2880146","0","1"
"2880149","0","1"
"2880151","0","1"
"2880151","1","2"
"2880163","0","3"
"2880176","0","1"
"2880176","1","2"
"2880181","0","1"
"2880181","1","2"
"2880183","0","1"
"2880183","1","2"
"2880189","0","1"
"2880189","1","2"
"2880191","0","1"
"2880191","1","2"
"2880194","0","1"
"2880194","1","2"
"2880211","0","2"
"2880213","0","1"
"2880225","0","1"
"2880225","1","2"
"2880226","0","2"
"2880231","0","1"
"2880233","0","6"
"2880238","0","1"
"2880240","0","1"
"2880246","0","1"
"2880247","0","3"
"2880249","0","3"
"2880250","0","2"
"2880256","0","1"
"2880269","0","1"
"2880272","0","1"
"2880272","1","2"
"2880276","0","2"
"2880277","0","1"
"2880280","0","2"
"2880281","0","1"
"2880281","1","2"
"2880284","0","1"
"2880289","0","1"
"2880292","0","5"
"2880293","0","1"
"2880338","0","1"
"2880338","1","2"
"2880340","0","1"
"2880340","1","2"
"2880341","0","1"
"2880343","0","1"
"2880343","1","2"
"2880350","0","1"
"2880362","0","1"
"2880363","0","5"
"2880384","0","3"
"2880385","0","1"
"2880389","0","1"
"2880389","1","2"
"2880390","0","1"
"2880390","1","2"
"2880394","0","2"
"2880394","1","1"
"2880399","0","1"
"2880405","0","1"
"2880417","0","1"
"2880419","0","1"
"2880419","1","2"
"2880421","0","1"
"2880421","1","2"
"2880424","0","1"
"2880425","0","1"
"2880425","1","2"
"2880429","0","1"
"2880432","0","1"
"2880432","1","2"
"2880457","0","1"
"2880459","0","1"
"2880469","0","2"
"2880471","0","1"
"2880471","1","2"
"2880474","0","1"
"2880481","0","1"
"2880481","1","2"
"2880756","0","1"
"2882607","0","1"
"2882610","0","1"
"2882616","0","1"
"2882617","0","1"
"2889331","0","4"
"2889406","0","1"
"2890564","0","1"
"2890564","1","2"
"2890573","0","1"
"2890573","1","2"
"2890575","0","5"
"2890722","0","1"
"2890722","1","2"
"2890729","0","1"
"2890729","1","2"
"2890733","0","1"
"2890733","1","2"
"2890736","0","1"
"2894248","0","2"
"2894251","0","2"
"2895704","0","2"
"2895758","0","1"
"2896191","0","1"
"2896191","1","2"
"2896671","0","1"
"2896671","1","2"
"2896677","0","1"
"2896677","1","2"
"2896681","0","1"
"2896692","0","1"
"2896692","1","2"
"2896703","0","1"
"2896709","0","1"
"2896709","1","2"
"2896715","0","1"
"2896715","1","2"
"2896717","0","1"
"2896717","1","2"
"2896720","0","1"
"2896720","1","2"
"2897242","0","1"
"2897251","0","1"
"2897251","1","2"
"2897254","0","1"
"2897254","1","2"
"2897266","0","1"
"2897272","0","1"
"2898152","0","2"
"2898281","0","1"
"2899254","0","1"
"2899255","0","1"
"2899992","0","1"
"2900004","0","1"
"2900004","1","2"
"2900391","0","1"
"2900776","0","1"
"2900777","0","1"
"2900777","1","2"
"2901646","0","1"
"2901646","1","2"
"2901659","0","1"
"2901663","0","1"
"2901663","1","2"
"2901679","0","1"
"2901679","1","2"
"2902867","0","1"
"2906009","0","1"
"2906012","0","1"
"2906014","0","1"
"2907547","0","1"
"2909084","0","1"
"2909085","0","2"
"2909085","1","3"
"2909087","0","1"
"2909087","1","2"
"2909089","0","1"
"2909163","0","1"
"2909164","0","2"
"2911322","0","1"
"2911322","1","2"
"2911340","0","1"
"2911351","0","1"
"2911380","0","1"
"2912297","0","1"
"2912297","1","5"
"2912300","0","1"
"2912304","0","1"
"2912808","0","3"
"2912823","0","1"
"2912904","0","1"
"2912911","0","1"
"2912915","0","1"
"2912960","0","2"
"2914458","0","1"
"2914458","1","7"
"2914468","0","1"
"2914468","1","2"
"2914473","0","1"
"2914489","0","4"
"2914522","0","1"
"2914522","1","2"
"2914523","0","7"
"2914530","0","1"
"2914531","0","1"
"2914554","0","4"
"2914554","1","5"
"2914562","0","4"
"2914574","0","1"
"2914580","0","1"
"2914669","0","1"
"2914730","0","3"
"2914743","0","1"
"2914762","0","1"
"2914762","1","2"
"2914780","0","1"
"2916076","0","1"
"2916190","0","1"
"2916190","1","2"
"2916273","0","1"
"2916273","1","2"
"2916274","0","1"
"2916275","0","1"
"2916279","0","1"
"2916279","1","2"
"2916342","0","1"
"2916342","1","2"
"2916361","0","1"
"2916363","0","1"
"2916715","0","1"
"2917368","0","1"
"2917388","0","1"
"2917388","1","2"
"2917396","0","1"
"2917404","0","1"
"2918582","0","1"
"2918582","1","2"
"2918586","0","1"
"2919411","0","1"
"2919472","0","1"
"2919472","1","2"
"2919475","0","1"
"2919479","0","1"
"2919971","0","1"
"2920035","0","1"
"2920109","0","1"
"2920109","1","4"
"2920749","0","1"
"2920762","0","1"
"2920762","1","2"
"2924407","0","1"
"2924410","0","1"
"2924418","0","1"
"2924418","1","2"
"2925135","0","1"
"2925179","0","1"
"2925315","0","1"
"2925341","0","1"
"2925349","0","1"
"2925349","1","7"
"2925403","0","1"
"2925403","1","2"
"2925440","0","1"
"2925482","0","2"
"2925487","0","2"
"2925489","0","1"
"2926356","0","1"
"2926363","0","1"
"2926533","0","1"
"2928706","0","1"
"2928706","1","2"
"2928713","0","1"
"2929841","0","1"
"2929841","1","2"
"2931907","0","1"
"2932060","0","2"
"2932063","0","1"
"2932690","0","5"
"2932700","0","1"
"2932700","1","2"
"2932714","0","12"
"2932760","0","1"
"2932760","1","2"
"2932882","0","1"
"2932882","1","2"
"2933008","0","1"
"2933008","1","3"
"2936326","0","9"
"2937952","0","5"
"2937967","0","4"
"2939433","0","1"
"2945879","0","1"
"2945880","0","1"
"2945880","1","2"
"2945893","0","1"
"2945900","0","1"
"2945911","0","1"
"2945912","0","1"
"2945914","0","1"
"2945915","0","1"
"2945915","1","2"
"2945921","0","1"
"2945922","0","1"
"2945922","1","2"
"2945926","0","1"
"2945933","0","1"
"2945938","0","1"
"2945945","0","1"
"2945957","0","1"
"2945960","0","4"
"2945964","0","1"
"2945969","0","1"
"2945969","1","2"
"2945970","0","1"
"2945972","0","1"
"2945972","1","2"
"2945974","0","1"
"2945977","0","1"
"2945977","1","2"
"2945978","0","1"
"2946056","0","1"
"2946056","1","2"
"2946110","0","1"
"2946938","0","1"
"2946940","0","1"
"2946942","0","1"
"2946949","0","1"
"2946949","1","2"
"2953160","0","16"
"2953169","0","1"
"2953181","0","1"
"2953181","1","2"
"2953718","0","1"
"2953830","0","1"
"2953830","1","2"
"2953831","0","1"
"2954644","0","1"
"2954644","1","2"
"2954659","0","1"
"2955529","0","1"
"2956117","0","1"
"2957575","0","1"
"2959011","0","1"
"2964136","0","1"
"2964141","0","1"
"2964144","0","1"
"2964153","0","1"
"2964153","1","3"
"2964154","0","1"
"2966486","0","1"
"2966620","0","1"
"2966627","0","1"
"2967142","0","1"
"2967146","0","5"
"2968440","0","1"
"2968453","0","1"
"2968453","1","2"
"2968454","0","1"
"2968454","1","2"
"2968456","0","1"
"2968456","1","2"
"2968458","0","1"
"2968458","1","2"
"2976867","0","1"
"2978433","0","1"
"2978435","0","1"
"2978451","0","1"
"2978451","1","2"
"2978484","0","1"
"2978541","0","1"
"2978559","0","2"
"2978620","0","1"
"2978620","1","2"
"2978626","0","1"
"2978627","0","1"
"2978627","1","2"
"2978632","0","1"
"2978632","1","2"
"2978635","0","1"
"2978635","1","2"
"2978642","0","1"
"2978642","1","2"
"2978674","0","1"
"2978674","1","3"
"2978676","0","1"
"2978676","1","2"
"2978679","0","1"
"2978679","1","2"
"2979508","0","1"
"2979510","0","1"
"2980660","0","1"
"2980686","0","5"
"2980687","0","1"
"2980688","0","1"
"2980692","0","1"
"2980692","1","2"
"2980695","0","1"
"2980698","0","1"
"2985429","0","1"
"2988027","0","1"
"2988027","1","2"
"2989178","0","1"
"2989178","1","2"
"2989183","0","1"
"2989185","0","1"
"2989185","1","2"
"2992943","0","1"
"2992988","0","1"
"2992988","1","2"
"2993101","0","1"
"2993118","0","2"
"2993130","0","3"
"2993132","0","1"
"2993132","1","2"
"2993135","0","1"
"2993175","0","1"
"2993175","1","2"
"2994942","0","1"
"2996631","0","1"
"2996631","1","2"
"2996634","0","1"
"2996637","0","1"
"2996643","0","1"
"2996646","0","1"
"2996646","1","2"
"2996650","0","5"
"2996661","0","1"
"2996663","0","1"
"2996681","0","1"
"3001510","0","1"
"3001510","1","2"
"3001517","0","1"
"3001522","0","1"
"3001524","0","1"
"3001528","0","1"
"3001528","1","2"
"3001529","0","1"
"3001529","1","2"
"3001537","0","1"
"3003005","0","1"
"3003009","0","1"
"3003014","0","1"
"3003028","0","1"
"3003040","0","1"
"3003190","0","1"
"3003199","0","1"
"3003203","0","2"
"3015961","0","1"
"3024596","0","1"
"3024971","0","1"
"3026847","0","1"
"2715235","0","1"
"2715239","0","1"
"2715239","1","2"
"2715242","0","1"
"2715242","1","2"
"2715243","0","1"
"2715243","1","2"
"3027302","0","2"
"3027303","0","1"
"3027306","0","1"
"3027307","0","1"
"3027307","1","2"
"3027309","0","1"
"3027315","0","1"
"3027316","0","1"
"3027317","0","1"
"3027318","0","1"
"3027319","0","1"
"3027319","1","2"
"3027320","0","1"
"3027320","1","2"
"3027330","0","1"
"3027975","0","1"
"3027975","1","2"
"3027985","0","1"
"3027992","0","1"
"3027994","0","1"
"3027994","1","2"
"3028685","0","2"
"3028685","1","1"
"3031822","0","1"
"3031826","0","1"
"3032590","0","1"
"3032592","0","1"
"3032594","0","1"
"3032615","0","2"
"3044190","0","1425016297942"
"3044197","0","1425016297938"
"3044199","0","1425016297939"
"3044200","0","1425016297939"
"3044202","0","1425016297939"
"3044257","0","1425016297941"
"3044421","0","2"
"3044430","0","7"
"3044431","0","1"
"3044442","0","1"
"3044447","0","6"
"3050865","0","1"
"3050865","1","2"
"3050869","0","1"
"3050871","0","1"
"3050872","0","1"
"3050874","0","1"
"3050874","1","2"
"3052464","0","1"
"3052504","0","1"
"3052504","1","2"
"3053490","0","1"
"3060014","0","1"
"3060014","1","2"
"3060018","0","1"
"3060018","1","2"
"3078684","0","1"
"3078711","0","1"
"3078713","0","1"
"3079461","0","1"
"3091293","0","1"
"3091296","0","1"
"3101256","0","1"
"3101293","0","1"
"3104395","0","1"
"3104397","0","1"
"3104398","0","1"
"3104398","1","2"
"3104419","0","1"
"3104419","1","2"
"3104420","0","1"
"3104423","0","1"
"3104425","0","1"
"3104426","0","1"
"3104426","1","2"
"3104431","0","1"
"3104433","0","1"
"3104433","1","2"
"3104435","0","1"
"3104435","1","2"
"3104438","0","1"
"3104439","0","1"
"3104444","0","1"
"3104445","0","1"
"3104445","1","2"
"3104450","0","1"
"3104450","1","3"
"3104450","2","4"
"3104455","0","1"
"3104455","1","2"
"3104458","0","1"
"3104458","1","2"
"3104461","0","1"
"3104461","1","2"
"3104464","0","1"
"3104466","0","1"
"3104468","0","1"
"3104468","1","2"
"3104474","0","1"
"3104475","0","1"
"3104481","0","1"
"3104481","1","2"
"3104485","0","1"
"3104485","1","2"
"3104488","0","1"
"3104488","1","2"
"3104492","0","1"
"3104492","1","2"
"3104495","0","1"
"3104495","1","2"
"3104498","0","1"
"3104498","1","2"
"3104500","0","1"
"3104500","1","2"
"3105452","0","1"
"3106227","0","1"
"3110501","0","2"
"3110729","0","1"
"3111911","0","1"
"3111911","1","2"
"3111921","0","1"
"3111923","0","1"
"3111926","0","1"
"3111926","1","2"
"3111929","0","1"
"3111933","0","1"
"3111943","0","3"
"3111944","0","1"
"3111944","1","2"
"3111958","0","1"
"3111959","0","1"
"3111963","0","4"
"3111969","0","1"
"3111972","0","1"
"3111973","0","1"
"3112000","0","1"
"3112000","1","2"
"3112005","0","1"
"3112006","0","1"
"3112006","1","2"
"3112007","0","1"
"3112009","0","1"
"3117261","0","1"
"3117272","0","1"
"3117275","0","1"
"3117286","0","1"
"3117286","1","2"
"3117313","0","1"
"3117334","0","1"
"3117334","1","2"
"3117337","0","1"
"3117376","0","1"
"3117376","1","2"
"3117422","0","1"
"3117424","0","1"
"3117428","0","1"
"3117449","0","1"
"3117449","1","2"
"3117460","0","1"
"3117460","1","2"
"3117464","0","1"
"3117464","1","2"
"3117465","0","1"
"3117465","1","2"
"3117467","0","2"
"3117488","0","1"
"3117494","0","1"
"3117509","0","1"
"3117528","0","1"
"3117528","1","3"
"3120491","0","1"
"3120494","0","2"
"3120494","1","5"
"3165295","0","1"
"3165362","0","1"
"3165421","0","1"
"3171572","0","1"
"3171576","0","1"
"3171578","0","1"
"3171578","1","2"
"3171594","0","1"
"3173858","0","1"
"3173866","0","1"
"3173867","0","1"
"3173878","0","1"
"3173878","1","2"
"3173893","0","1"
"3173894","0","1"
"3175574","0","1"
"3175584","0","1"
"3175591","0","1"
"3175591","1","2"
"3175596","0","2"
"3175603","0","1"
"3179133","0","1"
"3179143","0","1"
"3179143","1","2"
"3179147","0","1"
"3179150","0","1"
"3182926","0","1"
"3182926","1","2"
"3182954","0","1"
"3185257","0","1"
"3185257","1","2"
"3185261","0","1"
"3185267","0","1"
"3185690","0","1"
"3185693","0","1"
"3191157","0","1"
"3191161","0","1"
"3200440","0","1"
"3200451","0","1"
"3206293","0","1"
"3206293","1","2"
"3206298","0","1"
"3206298","1","2"
"3206308","0","1"
"3206308","1","2"
"3206321","0","1"
"3206323","0","1"
"3206323","1","2"
"3217529","0","1"
"3217534","0","1"
"3217534","1","2"
"3217535","0","1"
"3217540","0","1"
"3217554","0","1"
"3217554","1","2"
"3217555","0","1"
"3217555","1","2"
"3217561","0","1"
"3219108","0","1"
"3219109","0","1"
"3219115","0","1"
"3219115","1","2"
"3219126","0","1"
"3219126","1","2"
"3219127","0","1"
"3219127","1","2"
"3219131","0","1"
"3219133","0","1"
"3219135","0","1"
"3219141","0","1"
"3219144","0","1"
"3219144","1","2"
"3219970","0","2"
"3219972","0","2"
"3223404","0","1"
"3223498","0","1"
"3225073","0","1"
"3225098","0","1"
"3225098","1","2"
"3225115","0","1"
"3225115","1","2"
"3225132","0","1"
"3225132","1","2"
"3230938","0","1"
"3230947","0","1"
"3230952","0","1"
"3230964","0","1"
"3230964","1","2"
"3230969","0","1"
"3238035","0","1"
"3238072","0","1"
"3238072","1","2"
"3238075","0","1"
"3238075","1","2"
"3247231","0","1"
"3247231","1","2"
"3247255","0","1"
"3247255","1","2"
"3247264","0","1"
"3247264","1","2"
"3258171","0","1"
"3258172","0","1"
"3265159","0","1"
"3265159","1","2"
"3265640","0","1"
"3265645","0","1"
"3265652","0","1"
"3265926","0","1"
"3265926","1","2"
"3265927","0","1"
"3265928","0","1"
"3265930","0","1"
"3265963","0","1"
"3265963","1","2"
"3265965","0","1"
"3269204","0","1"
"3269212","0","1"
"3269240","0","1"
"3269240","1","2"
"3269243","0","1"
"3269257","0","1"
"3269257","1","2"
"3269261","0","1"
"3269266","0","1"
"3269266","1","2"
"3269273","0","1"
"3269276","0","1"
"3269276","1","2"
"3269288","0","1"
"3269444","0","1"
"3269445","0","1"
"3279961","0","1"
"3279964","0","1"
"3279964","1","2"
"3279966","0","1"
"3279966","1","2"
"3297187","0","1"
"3297187","1","2"
"3297191","0","1"
"3303862","0","1"
"3322396","0","1"
"3322610","0","1"
"3326148","0","14"
"3326154","0","1"
"3326158","0","2"
"3326158","1","11"
"3326167","0","2"
"3326174","0","1"
"3326174","1","2"
"3327250","0","1"
"3327254","0","6"
"3327254","1","7"
"3327258","0","1"
"3327258","1","3"
"3327265","0","7"
"3335779","0","2"
"3335785","0","1"
"3335785","1","2"
"3337738","0","4"
"3337738","1","5"
"3337743","0","4"
"3337940","0","1"
"3337941","0","1"
"3337944","0","1"
"3342292","0","1"
"3342292","1","2"
"3357705","0","1"
"3364713","0","1"
"3364720","0","1"
"3364720","1","2"
"3373342","0","1"
"3373368","0","1"
"3373375","0","1"
"3373378","0","1"
"3373380","0","1"
"3389969","0","1"
"3389973","0","1"
"3389973","1","2"
"3396967","0","2"
"3396972","0","2"
"3396974","0","1"
"3396974","1","2"
"3396976","0","1"
"3396979","0","2"
"3396982","0","2"
"3396986","0","5"
"3396990","0","5"
"3396994","0","2"
"3396994","1","3"
"3396997","0","3"
"3396997","1","4"
"3397003","0","3"
"3397012","0","1"
"3397020","0","1"
"3397020","1","2"
"3397026","0","1"
"3397026","1","2"
"3432155","0","1"
"3432158","0","1"
"3432158","1","2"
"3432159","0","1"
"3432199","0","1"
"3436070","0","3"
"3449064","0","1"
"3450661","0","1"
"3450663","0","1"
"3450663","1","2"
"3456790","0","1"
"3456817","0","1"
"3456817","1","4"
"3483202","0","1"
"3483205","0","1"
"3483219","0","1"
"3483219","1","2"
"3483377","0","1"
"3483380","0","5"
"3487525","0","3"
"3508776","0","1"
"3508776","1","3"
"3508777","0","1"
"3508786","0","1"
"3509367","0","1"
"3509373","0","1"
"3509382","0","1"
"3509385","0","1"
"3509385","1","3"
"3518622","0","1470162169286"
"3518622","1","1470162169287"
"3519960","0","1"
"3519960","1","2"
"3520114","0","5"
"3520119","0","1"
"3520119","1","6"
"3520272","0","1"
"3520277","0","1"
"3520281","0","1"
"3520281","1","2"
"3523699","0","1"
"3523703","0","1"
"3523712","0","1"
"3523716","0","4"
"3523792","0","1"
"3523792","1","4"
"3528502","0","1"
"3528514","0","1"
"3528520","0","4"
"3528552","0","1"
"3528561","0","1"
"3528566","0","1"
"3528606","0","1"
"3528611","0","1"
"3528618","0","1"
"3528641","0","1"
"3528650","0","1"
"3528650","1","2"
"3528663","0","1"
"3528663","1","2"
"3528664","0","1"
"3528675","0","1"
"3528686","0","1"
"3528689","0","1"
"3528689","1","2"
"3528691","0","1"
"3528697","0","1"
"3528717","0","1"
"3542498","0","1"
"3542504","0","1"
"3649014","0","1"
"3649014","1","2"
"3649022","0","1"
"3650566","0","1"
"3730014","0","1"
"3730014","1","2"
"3730017","0","1"
"3730030","0","1"
"3730030","1","2"
"3737041","0","1"
"3759159","0","2"
"3759171","0","1"
"3759180","0","1"
"3783498","0","1"
"3783504","0","1"
"3783504","1","2"
"3797377","0","1"
"3797377","1","2"
"3797433","0","1"
"3803666","0","1"
"3843719","0","1"
"3843731","0","1"
"3843732","0","1"
"3843744","0","1"
"3843772","0","1"
"3843773","0","1"
"3843773","1","2"
"3889244","0","2"
"3889244","1","1"
"3889246","0","1"
"3889246","1","2"
"3889256","0","1"
"3889256","1","2"
"3889259","0","1"
"3889259","1","2"
"3889265","0","1"
"3889265","1","2"
"3910910","0","23"
"3911006","0","2"
"3911013","0","1"
"3912966","0","1"
"3920510","0","1"
"3920525","0","1"
"3926049","0","1"
"3926070","0","1"
"3926070","1","2"
"3926075","0","1"
"3928413","0","1"
"3933974","0","1"
"3936631","0","1"
"4116214","0","1"
"4116222","0","1"
"4116222","1","2"
"4300011","0","1"
"4300011","1","2"
"4300011","2","3"
"4300072","0","1"
"4300072","1","2"
"4301069","0","1"
"4301069","1","2"
"4301435","0","1"
"4330009","0","2"
"4330012","0","1"
"7320079","0","3"
"7320136","0","1"
"7320136","1","2"
"935468","0","1"
"935468","1","2"
