"main.id","hpq_phiheal_spon_mem.id","phiheal_spon_mem_refno"
"55964","0","1"
"55964","1","2"
"56011","0","1"
"56011","1","2"
"56011","2","3"
"56011","3","4"
"56011","4","5"
"56011","5","6"
"56011","6","7"
"56796","0","2"
"56796","1","3"
"56796","2","1"
"56796","3","4"
"56796","4","5"
"56797","0","2"
"56797","1","4"
"56800","0","2"
"56802","0","1"
"56802","1","2"
"56802","2","3"
"56802","3","5"
"56803","0","2"
"56803","1","1"
"56809","0","1"
"56812","0","2"
"61412","0","5"
"61412","1","1"
"61412","2","92"
"61412","3","3"
"61412","4","4"
"61449","0","1"
"61449","1","2"
"61449","2","3"
"61527","0","1"
"61527","1","2"
"61527","2","3"
"63381","0","12"
"63381","1","11"
"63381","2","14"
"63381","3","3"
"67511","0","2"
"67515","0","1"
"67553","0","1"
"68861","0","1"
"70173","0","1"
"67509","0","2"
"68913","0","19"
"68919","0","1"
"68921","0","1"
"72080","0","1"
"72080","1","2"
"72080","2","3"
"72080","3","4"
"72080","4","5"
"80323","0","2"
"88716","0","2"
"88727","0","1"
"88728","0","1"
"88729","0","1"
"88740","0","1"
"88743","0","1"
"98316","0","1"
"104530","0","6"
"111945","0","2"
"111945","1","3"
"111945","2","4"
"111946","0","2"
"111946","1","3"
"111946","2","4"
"116498","0","1"
"116498","1","2"
"116498","2","3"
"116499","0","1"
"116499","1","2"
"116500","0","1"
"116500","1","2"
"116500","2","3"
"116743","0","1"
"116743","1","5"
"116743","2","3"
"116743","3","4"
"122420","0","1"
"122420","1","3"
"122420","2","4"
"122473","0","1"
"122473","1","2"
"122473","2","3"
"122473","3","4"
"122474","0","2"
"122474","1","5"
"122474","2","1"
"123147","0","1"
"123147","1","2"
"123147","2","5"
"123147","3","6"
"123147","4","7"
"120586","0","1"
"120586","1","2"
"120586","2","3"
"120586","3","4"
"120586","4","5"
"120586","5","6"
"120586","6","7"
"120586","7","8"
"120586","8","9"
"120590","0","2"
"120590","1","1"
"120593","0","1"
"120593","1","2"
"120593","2","3"
"120593","3","4"
"120593","4","5"
"120595","0","2"
"120595","1","3"
"120595","2","4"
"120595","3","5"
"120595","4","6"
"120595","5","7"
"120595","6","8"
"120596","0","1"
"120596","1","2"
"120596","2","3"
"120596","3","4"
"120596","4","5"
"120596","5","6"
"120598","0","1"
"120598","1","2"
"120598","2","3"
"120598","3","4"
"120598","4","5"
"120598","5","6"
"120598","6","7"
"120603","0","1"
"120603","1","2"
"120606","0","1"
"120606","1","2"
"120608","0","1"
"120608","1","2"
"120608","2","3"
"120608","3","4"
"120608","4","5"
"120613","0","1"
"120613","1","2"
"120613","2","3"
"120613","3","4"
"120613","4","5"
"120613","5","6"
"120614","0","1"
"120614","1","3"
"120616","0","1"
"120616","1","3"
"120616","2","4"
"120618","0","2"
"120618","1","3"
"120618","2","4"
"120620","0","1"
"120620","1","3"
"120620","2","4"
"120620","3","5"
"120620","4","6"
"120620","5","7"
"120620","6","8"
"120620","7","9"
"120620","8","10"
"120622","0","1"
"120622","1","2"
"120622","2","3"
"120622","3","4"
"120623","0","1"
"120623","1","2"
"120623","2","3"
"120623","3","4"
"120623","4","5"
"120624","0","1"
"120624","1","3"
"120624","2","4"
"120626","0","1"
"120631","0","2"
"120631","1","4"
"120631","2","5"
"120631","3","6"
"120632","0","1"
"120637","0","1"
"120637","1","2"
"120637","2","3"
"120637","3","4"
"120638","0","1"
"120638","1","2"
"120638","2","3"
"120640","0","1"
"120640","1","2"
"120640","2","3"
"120640","3","4"
"120640","4","5"
"120640","5","6"
"120641","0","1"
"120641","1","2"
"120641","2","3"
"120641","3","4"
"120639","0","1"
"120639","1","2"
"120639","2","3"
"120639","3","4"
"120639","4","5"
"120639","5","6"
"120647","0","1"
"120647","1","2"
"120647","2","3"
"120647","3","4"
"120647","4","5"
"127055","0","1"
"127055","1","2"
"127055","2","3"
"127055","3","4"
"127055","4","5"
"122703","0","1"
"122703","1","2"
"122703","2","3"
"122703","3","4"
"122704","0","1"
"122704","1","2"
"122704","2","3"
"122714","0","1"
"122722","0","2"
"122728","0","1"
"122729","0","1"
"122729","1","2"
"122738","0","1"
"122738","1","2"
"122738","2","3"
"122738","3","4"
"122738","4","5"
"122747","0","1"
"122747","1","2"
"122747","2","3"
"122747","3","4"
"122747","4","5"
"122747","5","6"
"122747","6","7"
"122764","0","2"
"122764","1","1"
"122768","0","1"
"122768","1","2"
"122768","2","3"
"122768","3","4"
"122768","4","5"
"122768","5","6"
"122768","6","7"
"122769","0","1"
"122769","1","2"
"122769","2","3"
"122769","3","4"
"122769","4","5"
"122777","0","1"
"122777","1","2"
"122777","2","3"
"122777","3","4"
"122777","4","5"
"122777","5","6"
"127119","0","1"
"127119","1","2"
"127119","2","3"
"127124","0","2"
"127124","1","3"
"127124","2","4"
"127124","3","5"
"127127","0","1"
"127127","1","2"
"127127","2","3"
"128536","0","1"
"128536","1","2"
"128536","2","3"
"128536","3","4"
"128562","0","1"
"128562","1","2"
"128562","2","4"
"128562","3","3"
"128562","4","5"
"128562","5","6"
"128562","6","7"
"128562","7","8"
"128563","0","1"
"128563","1","2"
"128563","2","3"
"128563","3","4"
"129550","0","1"
"129562","0","2"
"129572","0","2"
"129595","0","1"
"129597","0","1"
"129616","0","2"
"130741","0","1"
"130764","0","1"
"130764","1","2"
"130764","2","3"
"130819","0","1"
"130828","0","2"
"130828","1","3"
"130828","2","4"
"132142","0","1"
"132173","0","1"
"132173","1","3"
"132173","2","5"
"132173","3","4"
"132173","4","6"
"136779","0","6"
"136779","1","4"
"136788","0","2"
"136788","1","5"
"136788","2","1"
"136884","0","3"
"136884","1","1"
"136891","0","1"
"136891","1","2"
"136891","2","3"
"136891","3","4"
"136891","4","5"
"136891","5","6"
"136891","6","7"
"136893","0","2"
"136893","1","3"
"136893","2","4"
"136893","3","5"
"136893","4","6"
"136893","5","7"
"136904","0","1"
"136904","1","3"
"136905","0","1"
"136905","1","3"
"136905","2","4"
"136906","0","1"
"136906","1","2"
"136906","2","3"
"136906","3","4"
"136906","4","5"
"136906","5","6"
"136906","6","7"
"136913","0","2"
"136913","1","1"
"136915","0","1"
"136915","1","2"
"136915","2","3"
"136915","3","4"
"136915","4","5"
"136916","0","1"
"136916","1","2"
"136916","2","3"
"136916","3","4"
"136916","4","5"
"136916","5","6"
"136917","0","1"
"136917","1","2"
"136918","0","1"
"136918","1","2"
"136918","2","3"
"136919","0","1"
"136919","1","2"
"136919","2","3"
"136919","3","4"
"136919","4","5"
"136919","5","6"
"136919","6","7"
"136923","0","1"
"136923","1","2"
"136923","2","3"
"136923","3","4"
"136923","4","5"
"136930","0","1"
"136930","1","2"
"136930","2","3"
"136930","3","4"
"136937","0","1"
"136937","1","2"
"136944","0","1"
"136944","1","2"
"136959","0","1"
"136959","1","2"
"136959","2","3"
"136959","3","4"
"137449","0","1"
"137451","0","1"
"137712","0","1"
"137713","0","1"
"137720","0","1"
"137722","0","1"
"137728","0","1"
"137732","0","2"
"141334","0","2"
"141346","0","1"
"141351","0","1"
"141369","0","1"
"141432","0","1"
"142578","0","4"
"142578","1","5"
"146060","0","1"
"146073","0","2"
"146075","0","2"
"149096","0","1"
"149100","0","1"
"150633","0","1"
"151448","0","1"
"153139","0","1"
"153139","1","2"
"153139","2","3"
"153139","3","4"
"160448","0","3"
"160454","0","1"
"160532","0","3"
"160537","0","2"
"164790","0","1"
"171935","0","1"
"176838","0","1"
"176854","0","2"
"176861","0","2"
"176871","0","1"
"176938","0","2"
"176944","0","2"
"176982","0","1"
"178818","0","1"
"178827","0","7"
"178904","0","1"
"179557","0","2"
"179557","1","3"
"179557","2","1"
"179557","3","4"
"179557","4","5"
"179576","0","1"
"179576","1","2"
"179576","2","3"
"179576","3","4"
"179576","4","5"
"179576","5","6"
"193014","0","1"
"193728","0","1"
"193869","0","1"
"204712","0","7"
"204714","0","2"
"204714","1","6"
"204714","2","7"
"204731","0","1"
"204731","1","2"
"204731","2","3"
"204731","3","5"
"204731","4","1"
"204741","0","5"
"204741","1","2"
"204741","2","4"
"204936","0","1"
"204947","0","1"
"208270","0","5"
"208270","1","2"
"208273","0","3"
"208273","1","5"
"208273","2","6"
"208276","0","1"
"208276","1","9"
"208276","2","10"
"208276","3","11"
"208276","4","12"
"215314","0","4"
"222321","0","16"
"222321","1","17"
"236458","0","2"
"236461","0","2"
"236923","0","1"
"236923","1","2"
"236923","2","3"
"240038","0","2"
"240043","0","2"
"240045","0","1"
"240048","0","2"
"240380","0","2"
"240381","0","2"
"240383","0","2"
"240391","0","2"
"246593","0","1"
"246593","1","2"
"246615","0","2"
"253145","0","1"
"253145","1","2"
"253145","2","3"
"253145","3","4"
"253154","0","1"
"253154","1","2"
"253154","2","3"
"253154","3","4"
"253154","4","5"
"253157","0","1"
"253157","1","2"
"253157","2","3"
"253158","0","1"
"253158","1","2"
"253158","2","3"
"253294","0","2"
"257109","0","2"
"268298","0","2"
"268298","1","3"
"268298","2","4"
"268298","3","5"
"268329","0","2"
"268329","1","3"
"274292","0","2"
"278027","0","2"
"278453","0","2"
"278453","1","6"
"278453","2","7"
"278453","3","8"
"278458","0","2"
"278458","1","2"
"278458","2","4"
"278458","3","5"
"278462","0","2"
"278462","1","5"
"278462","2","6"
"278462","3","7"
"278464","0","1"
"278464","1","6"
"278464","2","7"
"278464","3","8"
"278466","0","3"
"278466","1","2"
"278466","2","4"
"278466","3","5"
"278475","0","2"
"278475","1","3"
"278475","2","4"
"278477","0","2"
"278477","1","3"
"278477","2","4"
"278477","3","5"
"278479","0","1"
"278479","1","3"
"278479","2","4"
"278486","0","2"
"278486","1","3"
"278486","2","4"
"278502","0","2"
"278502","1","3"
"278502","2","4"
"278502","3","5"
"278514","0","2"
"278514","1","3"
"278514","2","4"
"278514","3","5"
"278520","0","2"
"278520","1","4"
"278520","2","5"
"278520","3","6"
"278526","0","2"
"278526","1","3"
"278526","2","4"
"278530","0","2"
"278530","1","3"
"278530","2","4"
"278545","0","2"
"278545","1","3"
"278545","2","4"
"278545","3","5"
"280277","0","1"
"280277","1","8"
"280277","2","9"
"280277","3","10"
"280277","4","11"
"280684","0","1"
"280684","1","2"
"280684","2","3"
"280709","0","2"
"280746","0","1"
"280759","0","2"
"280759","1","1"
"280772","0","1"
"288397","0","1"
"293518","0","2"
"293518","1","3"
"293518","2","4"
"293518","3","5"
"293643","0","2"
"293643","1","3"
"293643","2","4"
"293643","3","5"
"298906","0","2"
"298906","1","4"
"298906","2","5"
"298907","0","2"
"298907","1","3"
"298907","2","5"
"298907","3","6"
"302899","0","2"
"302928","0","1"
"302979","0","1"
"314107","0","1"
"314107","1","2"
"314107","2","3"
"314115","0","1"
"314347","0","1"
"314347","1","2"
"314347","2","3"
"314347","3","4"
"316799","0","1"
"316802","0","2"
"316805","0","2"
"316805","1","1"
"316979","0","1"
"316979","1","2"
"316979","2","3"
"316980","0","1"
"316982","0","1"
"316982","1","2"
"316982","2","3"
"316982","3","4"
"316982","4","5"
"316982","5","6"
"316983","0","1"
"316983","1","5"
"322118","0","1"
"322118","1","2"
"322118","2","3"
"326091","0","1"
"326091","1","2"
"326091","2","3"
"326092","0","2"
"326092","1","3"
"326092","2","4"
"327676","0","6"
"327676","1","7"
"327676","2","8"
"327728","0","2"
"327728","1","3"
"327728","2","4"
"333119","0","2"
"333119","1","4"
"333119","2","5"
"333119","3","6"
"333119","4","6"
"333125","0","1"
"333125","1","2"
"333125","2","3"
"333126","0","1"
"337277","0","1"
"337277","1","4"
"337282","0","1"
"337282","1","6"
"339601","0","1"
"356999","0","1"
"357003","0","2"
"376932","0","1"
"376932","1","2"
"376932","2","3"
"376932","3","4"
"376932","4","5"
"377060","0","8"
"377060","1","9"
"377060","2","12"
"377060","3","10"
"395160","0","2"
"395164","0","1"
"395164","1","2"
"397046","0","1"
"398966","0","2"
"398973","0","1"
"399042","0","2"
"401375","0","2"
"401396","0","2"
"402692","0","2"
"402767","0","1"
"402767","1","2"
"402767","2","3"
"403142","0","2"
"403142","1","3"
"403142","2","4"
"403142","3","5"
"403147","0","2"
"403147","1","3"
"403147","2","4"
"403147","3","5"
"403314","0","1"
"403314","1","2"
"403314","2","3"
"403683","0","2"
"403683","1","3"
"403683","2","4"
"403683","3","5"
"403828","0","2"
"403833","0","2"
"403835","0","2"
"403846","0","2"
"406762","0","1"
"406762","1","2"
"406762","2","3"
"406762","3","4"
"406764","0","2"
"406767","0","2"
"416996","0","1"
"429089","0","1"
"434223","0","2"
"434249","0","4"
"434249","1","5"
"434249","2","6"
"436369","0","1"
"436372","0","1"
"436373","0","2"
"442679","0","1"
"442682","0","1"
"442690","0","1"
"442781","0","2"
"442790","0","1"
"442791","0","2"
"442791","1","3"
"442791","2","4"
"442812","0","1"
"444820","0","2"
"444820","1","4"
"444820","2","5"
"444821","0","2"
"444821","1","3"
"444821","2","4"
"444829","0","2"
"444829","1","5"
"444829","2","6"
"444829","3","7"
"444833","0","2"
"444833","1","3"
"444833","2","4"
"444833","3","5"
"444843","0","2"
"444843","1","5"
"444843","2","6"
"444843","3","7"
"444846","0","2"
"444846","1","6"
"444846","2","7"
"445623","0","1"
"445623","1","2"
"445623","2","3"
"457703","0","2"
"457703","1","3"
"457703","2","4"
"457703","3","5"
"467923","0","1"
"467923","1","2"
"477288","0","1"
"477288","1","2"
"477291","0","2"
"477291","1","6"
"477291","2","7"
"483946","0","1"
"483946","1","2"
"483946","2","3"
"483946","3","4"
"484511","0","1"
"489433","0","2"
"489433","1","3"
"489433","2","4"
"489433","3","5"
"489434","0","1"
"489434","1","2"
"489434","2","3"
"489434","3","4"
"489434","4","5"
"489435","0","1"
"489435","1","3"
"489435","2","4"
"489435","3","5"
"489438","0","1"
"489438","1","2"
"489438","2","3"
"489438","3","4"
"494263","0","1"
"494263","1","2"
"494263","2","3"
"494263","3","4"
"495144","0","1"
"497823","0","2"
"497829","0","1"
"497898","0","1"
"497898","1","2"
"498902","0","2"
"498917","0","1"
"498917","1","2"
"498931","0","1"
"498931","1","2"
"498945","0","1"
"498945","1","2"
"499047","0","1"
"499879","0","1"
"500138","0","2"
"500162","0","1"
"500162","1","2"
"500169","0","1"
"500169","1","2"
"500176","0","2"
"500177","0","1"
"500177","1","2"
"500178","0","1"
"500178","1","2"
"500185","0","1"
"500185","1","2"
"500766","0","1"
"500766","1","3"
"500766","2","4"
"500811","0","1"
"500811","1","2"
"500814","0","2"
"500814","1","4"
"500834","0","1"
"500834","1","3"
"500835","0","2"
"500835","1","5"
"500835","2","6"
"500838","0","1"
"500838","1","4"
"500838","2","6"
"500838","3","5"
"500850","0","1"
"500850","1","2"
"500850","2","3"
"500850","3","4"
"500850","4","5"
"500854","0","2"
"500854","1","3"
"500858","0","1"
"500858","1","2"
"500862","0","1"
"500862","1","2"
"500862","2","3"
"500867","0","1"
"500867","1","2"
"500867","2","3"
"500867","3","4"
"500893","0","2"
"500893","1","3"
"500893","2","4"
"500957","0","2"
"500957","1","3"
"500957","2","4"
"500957","3","5"
"500967","0","1"
"500967","1","3"
"500968","0","1"
"500968","1","2"
"500968","2","3"
"500973","0","2"
"500973","1","4"
"500973","2","5"
"501013","0","2"
"501013","1","4"
"501039","0","1"
"501039","1","2"
"501039","2","3"
"501039","3","4"
"501039","4","5"
"501108","0","2"
"501108","1","7"
"501125","0","2"
"501125","1","4"
"501125","2","5"
"501128","0","2"
"501128","1","3"
"501128","2","4"
"501487","0","2"
"501499","0","2"
"502302","0","2"
"502302","1","3"
"502302","2","4"
"502302","3","5"
"506192","0","2"
"506194","0","1"
"506194","1","2"
"506196","0","1"
"506196","1","1"
"507000","0","1"
"507000","1","2"
"507000","2","3"
"507000","3","4"
"508063","0","2"
"508063","1","4"
"508063","2","7"
"508067","0","1"
"508067","1","4"
"508067","2","5"
"508067","3","6"
"508676","0","1"
"508676","1","3"
"508676","2","4"
"508676","3","5"
"508676","4","6"
"513785","0","2"
"513785","1","4"
"517590","0","2"
"517590","1","5"
"324995","0","1"
"324995","1","2"
"524114","0","2"
"524114","1","5"
"524114","2","7"
"524114","3","8"
"524353","0","2"
"524353","1","7"
"528555","0","2"
"528555","1","4"
"528555","2","5"
"530628","0","2"
"530628","1","3"
"530628","2","4"
"530630","0","2"
"530630","1","7"
"530630","2","8"
"530836","0","2"
"530836","1","5"
"530836","2","6"
"538805","0","2"
"538805","1","5"
"538814","0","2"
"538814","1","7"
"538814","2","9"
"538814","3","10"
"538846","0","2"
"538850","0","2"
"538850","1","3"
"538850","2","4"
"538850","3","5"
"538850","4","6"
"538872","0","2"
"538872","1","3"
"538872","2","4"
"538873","0","2"
"538873","1","3"
"538873","2","4"
"538873","3","5"
"538886","0","1"
"538886","1","2"
"538886","2","3"
"545620","0","2"
"545620","1","3"
"545620","2","4"
"545620","3","5"
"551034","0","2"
"551034","1","3"
"551034","2","4"
"551123","0","1"
"551142","0","1"
"551478","0","2"
"551515","0","3"
"551683","0","2"
"561968","0","2"
"561968","1","3"
"561968","2","4"
"561968","3","5"
"580653","0","2"
"580653","1","4"
"589283","0","2"
"589412","0","1"
"593945","0","1"
"594009","0","2"
"594041","0","1"
"615634","0","1"
"626415","0","1"
"626476","0","1"
"626476","1","2"
"626491","0","1"
"626491","1","2"
"629787","0","1"
"629791","0","1"
"629791","1","2"
"629798","0","1"
"629798","1","2"
"629801","0","1"
"629801","1","2"
"629803","0","1"
"629803","1","2"
"629804","0","1"
"629805","0","1"
"629808","0","1"
"629808","1","2"
"629809","0","1"
"629810","0","1"
"629810","1","2"
"637519","0","1"
"637519","1","2"
"637520","0","2"
"637524","0","1"
"637527","0","1"
"637527","1","2"
"642904","0","1"
"642904","1","2"
"642904","2","3"
"642904","3","4"
"642904","4","5"
"667428","0","1"
"712729","0","2"
"712729","1","3"
"712729","2","4"
"712729","3","5"
"712729","4","6"
"712730","0","1"
"712731","0","1"
"713725","0","2"
"713725","1","3"
"713725","2","4"
"713725","3","5"
"713725","4","6"
"713725","5","7"
"713727","0","1"
"713727","1","2"
"713727","2","3"
"713727","3","4"
"713727","4","5"
"714073","0","1"
"714073","1","2"
"727077","0","1"
"727077","1","2"
"727077","2","3"
"727077","3","4"
"727077","4","5"
"727090","0","2"
"727090","1","3"
"727090","2","5"
"727090","3","6"
"727132","0","6"
"727132","1","7"
"727132","2","8"
"738674","0","1"
"738674","1","2"
"738674","2","3"
"738674","3","4"
"738674","4","5"
"742834","0","1"
"742834","1","2"
"742834","2","3"
"742834","3","4"
"742834","4","5"
"742834","5","6"
"742834","6","7"
"742856","0","1"
"742856","1","2"
"742856","2","3"
"742856","3","4"
"742856","4","5"
"742856","5","6"
"742865","0","2"
"742865","1","3"
"742865","2","4"
"742865","3","5"
"742865","4","6"
"742865","5","7"
"744346","0","1"
"744346","1","2"
"744346","2","3"
"752478","0","1"
"752478","1","2"
"752478","2","3"
"753306","0","2"
"753306","1","5"
"753306","2","6"
"769202","0","2"
"769202","1","3"
"788930","0","2"
"788930","1","3"
"788930","2","4"
"788930","3","5"
"788934","0","4"
"788934","1","4"
"788938","0","3"
"788938","1","4"
"802192","0","2"
"802195","0","1"
"803560","0","1"
"815025","0","1"
"815039","0","1"
"817359","0","2"
"817359","1","5"
"817359","2","6"
"817385","0","2"
"817385","1","7"
"820293","0","1"
"820302","0","2"
"820302","1","1"
"827452","0","2"
"827452","1","3"
"827452","2","4"
"827459","0","2"
"827459","1","13"
"827930","0","1"
"827930","1","2"
"830146","0","2"
"833673","0","1"
"833794","0","4"
"833795","0","1"
"833796","0","1"
"833797","0","1"
"833798","0","2"
"833800","0","1"
"833803","0","2"
"833809","0","1"
"838397","0","1"
"838401","0","1"
"843473","0","2"
"843473","1","11"
"843473","2","12"
"843476","0","2"
"843476","1","11"
"843476","2","12"
"843665","0","2"
"843665","1","5"
"843665","2","6"
"843665","3","7"
"843667","0","1"
"843667","1","3"
"843667","2","4"
"843668","0","2"
"843668","1","3"
"843668","2","4"
"843670","0","2"
"843670","1","3"
"843670","2","4"
"843670","3","5"
"843885","0","1"
"843885","1","2"
"852092","0","1"
"852093","0","1"
"852094","0","1"
"852094","1","2"
"852096","0","1"
"852096","1","2"
"852097","0","1"
"852097","1","2"
"852099","0","1"
"852099","1","2"
"852106","0","1"
"852106","1","2"
"852107","0","1"
"852107","1","2"
"852108","0","1"
"852110","0","1"
"852110","1","2"
"852111","0","1"
"852111","1","2"
"852112","0","1"
"852112","1","2"
"852113","0","1"
"852113","1","2"
"852113","2","3"
"866410","0","2"
"866422","0","1"
"866425","0","8"
"866449","0","2"
"866496","0","1"
"866520","0","1"
"866535","0","1"
"866535","1","2"
"866537","0","1"
"866537","1","2"
"866538","0","1"
"866539","0","1"
"869757","0","1"
"869757","1","2"
"869758","0","1"
"869758","1","2"
"872145","0","4"
"872152","0","2"
"872160","0","1"
"872160","1","2"
"874408","0","1"
"874637","0","1"
"874637","1","2"
"874638","0","1"
"874638","1","2"
"874640","0","1"
"874640","1","2"
"880876","0","1"
"880876","1","3"
"885642","0","1"
"885664","0","1"
"886741","0","4"
"886741","1","5"
"892934","0","3"
"892934","1","2"
"899058","0","2"
"899219","0","1"
"899227","0","1"
"899228","0","7"
"900899","0","1"
"900899","1","9"
"900899","2","10"
"900915","0","2"
"900915","1","3"
"900915","2","4"
"901153","0","1"
"901162","0","2"
"901164","0","1"
"901182","0","1"
"901185","0","1"
"901210","0","1"
"901210","1","5"
"901216","0","2"
"901216","1","3"
"901216","2","10"
"901216","3","11"
"901301","0","1"
"901301","1","2"
"901306","0","11"
"901306","1","12"
"901307","0","1"
"901307","1","2"
"912521","0","1"
"912521","1","4"
"912521","2","5"
"912535","0","2"
"912535","1","5"
"914177","0","2"
"921791","0","1"
"921791","1","2"
"924594","0","1"
"924617","0","1"
"924665","0","1"
"924672","0","2"
"924701","0","2"
"924704","0","1"
"924705","0","2"
"924712","0","1"
"924713","0","2"
"924735","0","1"
"924773","0","2"
"924802","0","1"
"924821","0","2"
"924849","0","2"
"926638","0","2"
"926640","0","1"
"926855","0","1425140600392"
"929151","0","2"
"929151","1","4"
"929220","0","1"
"930305","0","1"
"930317","0","2"
"931316","0","2"
"933044","0","1"
"933066","0","3"
"933622","0","1"
"935459","0","1"
"935476","0","2"
"935476","1","4"
"935476","2","5"
"935476","3","6"
"935476","4","9"
"935484","0","1"
"936253","0","1"
"936263","0","1"
"946647","0","2"
"946742","0","3"
"963027","0","1"
"963027","1","2"
"963031","0","1"
"963034","0","1"
"963035","0","1"
"963035","1","2"
"963036","0","1"
"963037","0","1"
"963037","1","1"
"963038","0","1"
"963038","1","2"
"963039","0","1"
"963039","1","2"
"963039","2","3"
"963039","3","4"
"963784","0","2"
"963784","1","1"
"963817","0","2"
"963817","1","1"
"964050","0","2"
"966581","0","1"
"966705","0","1"
"967111","0","1"
"967111","1","2"
"967111","2","3"
"971366","0","3"
"971443","0","1"
"972282","0","1"
"972283","0","2"
"972286","0","1"
"972288","0","1"
"972294","0","1"
"972294","1","2"
"972295","0","1"
"972295","1","2"
"972296","0","1"
"972296","1","2"
"972941","0","1"
"972942","0","1"
"972942","1","2"
"972945","0","1"
"972945","1","2"
"972946","0","1"
"972946","1","2"
"972950","0","2"
"978441","0","1"
"978459","0","1"
"979023","0","2"
"979023","1","13"
"979023","2","14"
"979023","3","15"
"980776","0","1"
"980776","1","2"
"980777","0","2"
"980787","0","1"
"980817","0","1"
"980820","0","1"
"980820","1","2"
"980821","0","1"
"980825","0","1"
"980830","0","1"
"980850","0","1"
"980850","1","2"
"980855","0","2"
"982342","0","1"
"982344","0","2"
"982652","0","2"
"984496","0","1"
"984509","0","2"
"984538","0","1"
"984540","0","2"
"987359","0","2"
"987360","0","1"
"987360","1","2"
"987360","2","3"
"987361","0","1"
"987361","1","2"
"987372","0","1"
"987372","1","2"
"987374","0","1"
"987376","0","2"
"987378","0","2"
"990097","0","1"
"990104","0","1"
"990108","0","1"
"990112","0","1"
"990112","1","2"
"990112","2","3"
"990117","0","1"
"990117","1","2"
"990545","0","1"
"990550","0","2"
"999213","0","1"
"999218","0","1"
"1008099","0","2"
"1008100","0","2"
"1008101","0","1"
"1008131","0","1"
"1015197","0","1"
"1015197","1","2"
"1015197","2","3"
"1015197","3","4"
"1015198","0","1"
"1015198","1","2"
"1015198","2","3"
"1015220","0","1"
"1015220","1","2"
"1015220","2","3"
"1015220","3","4"
"1015220","4","5"
"1015222","0","1"
"1015222","1","2"
"1015222","2","3"
"1020946","0","1"
"1020965","0","1"
"1020966","0","1"
"1030903","0","1"
"1032668","0","1"
"1032669","0","2"
"1032670","0","1"
"1032672","0","1"
"1032674","0","2"
"1032677","0","2"
"1032684","0","1"
"1032686","0","1"
"1036194","0","1"
"1036197","0","1"
"1036197","1","2"
"1036205","0","1"
"1036208","0","1"
"1036208","1","2"
"1036211","0","1"
"1036211","1","2"
"1036222","0","1"
"1036222","1","2"
"1036225","0","1"
"1036231","0","2"
"1036238","0","1"
"1036242","0","1"
"1036254","0","1"
"1036254","1","2"
"1036256","0","1"
"1036259","0","1"
"1036259","1","2"
"1036261","0","1"
"1036261","1","2"
"1036263","0","1"
"1036263","1","2"
"1036267","0","1"
"1036267","1","2"
"1042841","0","1"
"1042841","1","2"
"1042850","0","5"
"1042864","0","1"
"1042864","1","2"
"1042868","0","1"
"1042868","1","2"
"1042868","2","3"
"1042868","3","4"
"1042868","4","5"
"1044675","0","1"
"1044676","0","1"
"1044681","0","1"
"1044681","1","2"
"1044711","0","2"
"1044715","0","1"
"1044715","1","2"
"1050128","0","3"
"1050132","0","1"
"1050134","0","1"
"1050137","0","1"
"1050139","0","1"
"1050139","1","4"
"1050141","0","1"
"1053360","0","1"
"1053373","0","2"
"1053417","0","2"
"1057124","0","7"
"1057125","0","3"
"1057125","1","4"
"1057125","2","5"
"1060633","0","1"
"1060687","0","2"
"1060788","0","2"
"1060812","0","2"
"1061054","0","1"
"1061054","1","2"
"1061056","0","2"
"1061057","0","1"
"1061057","1","2"
"1061058","0","1"
"1061058","1","2"
"1061060","0","1"
"1061060","1","3"
"1061062","0","1"
"1061062","1","2"
"1061065","0","2"
"1061066","0","1"
"1061066","1","2"
"1061067","0","1"
"1061067","1","2"
"1061071","0","1"
"1061074","0","1"
"1061074","1","2"
"1061075","0","1"
"1061075","1","2"
"1061076","0","1"
"1061076","1","2"
"1061079","0","1"
"1061079","1","2"
"1061084","0","1"
"1061084","1","2"
"1061088","0","2"
"1061089","0","1"
"1061091","0","1"
"1061092","0","1"
"1061093","0","1"
"1061094","0","1"
"1061094","1","2"
"1061096","0","1"
"1068059","0","4"
"1068059","1","6"
"1068059","2","7"
"1071948","0","1422268922766"
"1072140","0","1422268922766"
"1072154","0","1422268922767"
"1072170","0","1422268922785"
"1072171","0","1"
"1072171","1","2"
"1072173","0","1"
"1072173","1","2"
"1072508","0","1"
"1072508","1","2"
"1072508","2","3"
"1072508","3","4"
"1072508","4","5"
"779987","0","1"
"1075954","0","1"
"1075954","1","2"
"1075955","0","1"
"1075955","1","2"
"1075956","0","1"
"1075960","0","2"
"1075961","0","1"
"1075965","0","1"
"1075966","0","1"
"1075966","1","2"
"1077848","0","1"
"1077848","1","2"
"1077848","2","3"
"1077848","3","4"
"1077848","4","5"
"1077848","5","6"
"1079790","0","2"
"1079790","1","3"
"1079790","2","4"
"1079790","3","5"
"1042843","0","1"
"1042858","0","1"
"1090509","0","1"
"1090509","1","2"
"1090510","0","1"
"1090510","1","2"
"1090511","0","1"
"1090512","0","1"
"1090513","0","1"
"1090513","1","2"
"1090530","0","1"
"1090530","1","2"
"1090531","0","1"
"1090531","1","2"
"1090532","0","1"
"1090532","1","2"
"1090534","0","1"
"1090535","0","1"
"1090535","1","2"
"1090536","0","1"
"1090536","1","2"
"1090538","0","1"
"1090538","1","2"
"1090539","0","1"
"1090539","1","2"
"1090540","0","1"
"1090540","1","2"
"1090540","2","3"
"1090541","0","1"
"1090541","1","2"
"1094705","0","2"
"1095639","0","3"
"1095639","1","4"
"1097386","0","1"
"1097386","1","2"
"1097390","0","1"
"1097390","1","2"
"1097394","0","1"
"1097412","0","1"
"1097412","1","2"
"1097413","0","1"
"1097415","0","1"
"1097415","1","2"
"1097421","0","1"
"1097425","0","1"
"1097428","0","1"
"1097431","0","1"
"1097431","1","2"
"1097437","0","2"
"1097438","0","1"
"1097448","0","1"
"1097448","1","2"
"1097453","0","1"
"1097456","0","1"
"1097460","0","1"
"1097460","1","2"
"1097462","0","1"
"1097462","1","2"
"1097463","0","1"
"1097463","1","2"
"1100633","0","1"
"1111501","0","1"
"1111501","1","2"
"1111503","0","2"
"1111505","0","1"
"1111506","0","1"
"1111517","0","1"
"1111517","1","2"
"1111518","0","2"
"1111519","0","1"
"1111519","1","2"
"1111520","0","1"
"1111520","1","3"
"1111521","0","2"
"1111522","0","1"
"1111522","1","2"
"1111523","0","1"
"1111526","0","1"
"1111526","1","2"
"1111527","0","1"
"1111527","1","2"
"1111529","0","1"
"1111529","1","2"
"1111530","0","1"
"1111530","1","2"
"1111531","0","1"
"1111536","0","1"
"1111536","1","2"
"1111538","0","1"
"1111540","0","1"
"1111542","0","5"
"1112366","0","1"
"1112366","1","2"
"1112366","2","4"
"1119901","0","1"
"1119901","1","2"
"1119901","2","3"
"1119901","3","4"
"1119901","4","5"
"1126343","0","1"
"1126379","0","1"
"1126468","0","1"
"1126622","0","4"
"1126623","0","2"
"1126626","0","1"
"1126627","0","1"
"1126628","0","2"
"1126639","0","1"
"1126639","1","2"
"1126651","0","2"
"1126660","0","1420760560035"
"1126663","0","1420760560034"
"1126664","0","1420760560033"
"1126673","0","1420760560035"
"1126679","0","1420760560034"
"1136723","0","1"
"1142290","0","5"
"1142290","1","2"
"1142290","2","3"
"1142290","3","4"
"1142293","0","1"
"1142293","1","2"
"1142293","2","3"
"1142293","3","4"
"1142293","4","5"
"1142304","0","1"
"1142304","1","2"
"1142304","2","3"
"1142304","3","4"
"1142304","4","5"
"1142304","5","6"
"1146281","0","1"
"1055253","0","1"
"1055253","1","2"
"1055253","2","3"
"1055253","3","4"
"1055253","4","5"
"1199293","0","1"
"1199303","0","1"
"1199303","1","2"
"1199303","2","3"
"1199303","3","4"
"1199303","4","5"
"1199303","5","6"
"1199303","6","7"
"1210233","0","1"
"1210235","0","6"
"1210248","0","1422268922766"
"1210251","0","1420760560036"
"1210264","0","1420760560037"
"1210271","0","1420760560036"
"1210272","0","1420760560035"
"1210275","0","1420760560035"
"1210290","0","2"
"1210291","0","2"
"1210292","0","1"
"1210293","0","1"
"1224169","0","1"
"1224169","1","2"
"1226135","0","1"
"1228340","0","2"
"1228340","1","3"
"1231484","0","1"
"1231484","1","2"
"1235250","0","4"
"1235250","1","16"
"1235254","0","1"
"1235254","1","9"
"1235254","2","10"
"1235256","0","3"
"1235256","1","4"
"1235256","2","5"
"1235273","0","4"
"1235273","1","7"
"1238126","0","5"
"1238126","1","9"
"1238133","0","4"
"1238133","1","5"
"1238133","2","6"
"1245252","0","1"
"1269194","0","1"
"1269201","0","1"
"1270613","0","9"
"1270613","1","11"
"1270623","0","4"
"1270623","1","5"
"1270624","0","5"
"1270624","1","9"
"1270624","2","10"
"1270625","0","1"
"1270625","1","6"
"1270627","0","7"
"1270627","1","9"
"1270628","0","1"
"1270628","1","4"
"1270628","2","5"
"1270628","3","6"
"1270691","0","4"
"1270691","1","7"
"1280961","0","1"
"1283166","0","3"
"1283166","1","6"
"1283169","0","1"
"1283169","1","5"
"1283169","2","6"
"1283176","0","4"
"1283176","1","6"
"1283176","2","7"
"1283176","3","8"
"1283180","0","6"
"1283180","1","8"
"1283180","2","9"
"1283180","3","10"
"1289681","0","1"
"1289681","1","2"
"1301680","0","1"
"1304231","0","1"
"1304231","1","6"
"1304235","0","8"
"1304235","1","10"
"1304235","2","11"
"1304235","3","12"
"1304238","0","8"
"1304238","1","10"
"1304242","0","1"
"1304242","1","10"
"1304242","2","11"
"1304247","0","5"
"1304247","1","6"
"1304247","2","7"
"1304247","3","8"
"1308034","0","1"
"1308034","1","2"
"1308034","2","3"
"1309205","0","2"
"1327092","0","1"
"1327092","1","2"
"1327092","2","3"
"1327092","3","4"
"1327092","4","5"
"1331095","0","2"
"1331095","1","3"
"1331093","0","1"
"1331093","1","2"
"1331220","0","2"
"1331220","1","3"
"1334288","0","1"
"1334288","1","3"
"1331217","0","1"
"1331217","1","2"
"1337421","0","2"
"1337457","0","2"
"1337457","1","6"
"1347355","0","4"
"1347355","1","5"
"1347366","0","5"
"1347366","1","6"
"1347366","2","7"
"1347382","0","1"
"1347382","1","5"
"1347392","0","5"
"1347392","1","6"
"1347392","2","7"
"1347402","0","8"
"1347402","1","12"
"1347402","2","13"
"1347411","0","6"
"1347411","1","7"
"1347411","2","8"
"1347411","3","9"
"1349552","0","1"
"1349552","1","2"
"1349554","0","1"
"1349555","0","1"
"1352091","0","2"
"1352093","0","1"
"1352094","0","1"
"1352103","0","1"
"1352103","1","3"
"1352105","0","1"
"1352105","1","2"
"1352107","0","1"
"1352107","1","2"
"1348502","0","1"
"1348502","1","2"
"1347917","0","1"
"1347917","1","2"
"1353833","0","1"
"1353833","1","2"
"1353835","0","1"
"1353835","1","3"
"1353836","0","2"
"1353840","0","1"
"1353840","1","2"
"1353841","0","1"
"1353841","1","2"
"1353845","0","1"
"1353845","1","2"
"1353846","0","1"
"1353846","1","2"
"1353847","0","2"
"1353849","0","1"
"1353850","0","1"
"1353854","0","1"
"1353854","1","2"
"1355304","0","1"
"1355429","0","1"
"1355429","1","2"
"1355429","2","3"
"1355429","3","4"
"1355429","4","5"
"1355429","5","6"
"1357820","0","1"
"1357820","1","2"
"1357824","0","1"
"1357824","1","2"
"1357826","0","1"
"1357827","0","1"
"1357827","1","2"
"1357827","2","3"
"1357830","0","1"
"1357830","1","2"
"1357830","2","3"
"1357832","0","1"
"1357834","0","2"
"1357836","0","1"
"1357836","1","2"
"1357841","0","1"
"1357841","1","2"
"1357842","0","1"
"1357844","0","1"
"1359775","0","1"
"1359775","1","2"
"1359782","0","1"
"1359782","1","2"
"1359783","0","1"
"1359783","1","2"
"1359785","0","1"
"1359785","1","2"
"1359787","0","1"
"1359787","1","2"
"1359788","0","2"
"1359788","1","1"
"1359789","0","2"
"1359791","0","1"
"1359791","1","2"
"1359792","0","1"
"1359792","1","2"
"1360903","0","1"
"1360903","1","2"
"1360905","0","1"
"1360905","1","2"
"1360906","0","1"
"1360907","0","1"
"1360907","1","2"
"1360908","0","1"
"1360908","1","2"
"1360928","0","1"
"1360928","1","2"
"1365845","0","4"
"1365845","1","5"
"1365845","2","6"
"1365845","3","7"
"1365846","0","4"
"1365846","1","5"
"1365846","2","6"
"1365846","3","7"
"1366131","0","3"
"1366131","1","4"
"1366131","2","7"
"1366186","0","5"
"1366186","1","6"
"1366186","2","7"
"1368090","0","1"
"1368090","1","2"
"1368090","2","3"
"1368090","3","4"
"1368090","4","5"
"1368090","5","6"
"1368090","6","7"
"1368090","7","8"
"1368765","0","1"
"1368765","1","2"
"1368907","0","2"
"1368907","1","3"
"1368907","2","4"
"1368907","3","5"
"1377995","0","1"
"1377999","0","2"
"1061622","0","1"
"1061622","1","2"
"1061622","2","4"
"1061622","3","5"
"1079991","0","1"
"1079991","1","2"
"1079991","2","5"
"1079991","3","7"
"1079991","4","7"
"1079991","5","8"
"1079992","0","1"
"1079992","1","2"
"1079992","2","3"
"1079992","3","4"
"1079992","4","5"
"1079992","5","6"
"1079992","6","7"
"1079992","7","8"
"1385190","0","1"
"1385190","1","2"
"1385190","2","3"
"1385190","3","4"
"1385190","4","5"
"1385967","0","1"
"1385970","0","1422268922805"
"1385999","0","1422268922802"
"1385960","0","1"
"1387217","0","1"
"1387217","1","3"
"1387235","0","1"
"1387235","1","2"
"1388999","0","5"
"1388999","1","7"
"1389003","0","7"
"1389003","1","8"
"1389004","0","1"
"1389004","1","9"
"1389018","0","5"
"1389018","1","9"
"1389018","2","10"
"1389018","3","12"
"1389018","4","13"
"1389018","5","14"
"1391940","0","1"
"1391940","1","2"
"1391940","2","3"
"1391943","0","5"
"1391943","1","6"
"1398442","0","7"
"1398444","0","1"
"1398445","0","1"
"1398448","0","1"
"1401615","0","2"
"1401615","1","3"
"1401647","0","2"
"1401647","1","5"
"1401660","0","2"
"1401660","1","3"
"1401660","2","4"
"1401661","0","1"
"1401661","1","5"
"1424694","0","1"
"1424694","1","2"
"1434016","0","1422268922809"
"1434127","0","1425016297953"
"1447311","0","1"
"1447311","1","2"
"1447321","0","1"
"1447331","0","2"
"1449796","0","1425016297956"
"1453853","0","1"
"1453854","0","1"
"1453855","0","1"
"1453857","0","2"
"1453858","0","1"
"1453862","0","1"
"1453862","1","2"
"1453863","0","1"
"1453864","0","1"
"1453867","0","2"
"1453869","0","1"
"1453869","1","2"
"1469727","0","2"
"1469727","1","3"
"1469727","2","4"
"1469727","3","5"
"1469736","0","2"
"1469736","1","6"
"1469738","0","2"
"1469738","1","7"
"1469738","2","8"
"1469738","3","9"
"1469739","0","1"
"1469739","1","5"
"1480788","0","2"
"1508728","0","1"
"1535850","0","1"
"1540465","0","2"
"1540465","1","5"
"1540465","2","6"
"1546602","0","1"
"1546602","1","3"
"1546602","2","4"
"1546602","3","5"
"1546602","4","6"
"1546604","0","1"
"1546604","1","2"
"1546610","0","2"
"1546610","1","1"
"1546610","2","3"
"1546610","3","4"
"1546610","4","5"
"1546610","5","6"
"1549583","0","1"
"1549583","1","5"
"1549585","0","1"
"1549585","1","2"
"1549587","0","1"
"1549587","1","2"
"1549599","0","5"
"1549647","0","1"
"1549653","0","1"
"1549653","1","2"
"1549658","0","1"
"1549658","1","2"
"1549659","0","1"
"1549659","1","3"
"1549669","0","1"
"1549670","0","1"
"1549685","0","1"
"1549689","0","2"
"1549703","0","1"
"1549707","0","1"
"1549707","1","4"
"1549709","0","2"
"1562313","0","1"
"1562313","1","4"
"1562313","2","5"
"1562313","3","6"
"1565539","0","2"
"1565539","1","3"
"1565539","2","4"
"1565539","3","5"
"1565539","4","6"
"1565599","0","1"
"1565599","1","4"
"1568489","0","1"
"1568489","1","2"
"1568489","2","3"
"1576281","0","2"
"1577320","0","1"
"1581879","0","2"
"1581879","1","4"
"1581879","2","5"
"1581879","3","6"
"1591432","0","1"
"1591436","0","2"
"1591440","0","2"
"1591493","0","1"
"1595344","0","1"
"1595344","1","2"
"1595344","2","3"
"1595344","3","4"
"1605333","0","2"
"1655524","0","2"
"1655524","1","3"
"1655529","0","2"
"1655530","0","1"
"1655530","1","2"
"1656260","0","3"
"1656260","1","5"
"1656260","2","6"
"1665095","0","1"
"1665095","1","2"
"1665100","0","1"
"1673496","0","1"
"1673496","1","2"
"1673499","0","1"
"1673499","1","2"
"1673499","2","3"
"1673499","3","4"
"1673499","4","5"
"1673499","5","6"
"1673501","0","1"
"1673501","1","2"
"1673501","2","3"
"1673501","3","4"
"1673504","0","2"
"1673504","1","3"
"1673504","2","4"
"1673504","3","5"
"1673504","4","6"
"1673504","5","7"
"1673514","0","2"
"1673514","1","6"
"1673514","2","7"
"1673528","0","1"
"1673528","1","2"
"1673528","2","3"
"1673528","3","4"
"1673528","4","5"
"1673656","0","2"
"1673656","1","4"
"1673656","2","5"
"1673656","3","6"
"1673667","0","1"
"1673667","1","2"
"1673667","2","3"
"1673667","3","4"
"1673671","0","1"
"1673905","0","1"
"1674794","0","1"
"1674794","1","2"
"1105117","0","1"
"1105117","1","2"
"1683212","0","1"
"1683212","1","4"
"1683212","2","5"
"1688021","0","2"
"1688021","1","3"
"1688021","2","4"
"1688027","0","1"
"1690692","0","1428756138405"
"1690694","0","1428756138406"
"1690694","1","1428756138407"
"1690695","0","1428756138406"
"1690696","0","1428756138406"
"1690705","0","1428756138406"
"1691545","0","1"
"1713103","0","2"
"1713105","0","1"
"1713119","0","1"
"1713119","1","4"
"1749564","0","1"
"1753375","0","2"
"1753377","0","1"
"1753894","0","2"
"1753899","0","1"
"1753901","0","2"
"1753910","0","3"
"1759658","0","1"
"1759658","1","2"
"1765794","0","1"
"1765794","1","4"
"1765819","0","2"
"1765829","0","2"
"1765925","0","1"
"1765974","0","2"
"1766400","0","1"
"1766400","1","2"
"1766450","0","2"
"1766450","1","3"
"1766450","2","4"
"1766450","3","5"
"1766502","0","1"
"1766502","1","2"
"1766636","0","1"
"1766636","1","2"
"1766636","2","3"
"1766704","0","1"
"1766704","1","2"
"1766704","2","3"
"1766704","3","4"
"1766704","4","5"
"1766728","0","1"
"1766728","1","2"
"1766728","2","3"
"1766728","3","4"
"1766728","4","5"
"1766728","5","6"
"1766728","6","7"
"1766741","0","1"
"1766741","1","2"
"1766741","2","4"
"1772820","0","3"
"1779361","0","1"
"1779362","0","2"
"1779367","0","2"
"1779384","0","2"
"1787449","0","1"
"1787449","1","2"
"1787449","2","3"
"1787449","3","4"
"1819703","0","1"
"1819715","0","1"
"1819719","0","1"
"1819719","1","2"
"1847726","0","2"
"1847726","1","4"
"1847726","2","5"
"1847736","0","1"
"1866323","0","1428756138406"
"1866323","1","1428756138407"
"1866528","0","1428756138409"
"1866528","1","1428756138410"
"1866528","2","1428756138411"
"1866528","3","1428756138412"
"1866528","4","1428756138413"
"1866530","0","1428756138409"
"1866530","1","1428756138410"
"1866536","0","1428756138409"
"1866539","0","1428756138409"
"1866539","1","1428756138410"
"1866624","0","1428756138410"
"1866624","1","1428756138411"
"1866626","0","1428756138411"
"1866626","1","1428756138412"
"1866628","0","1428756138411"
"1866633","0","1428756138412"
"1887813","0","3"
"1887814","0","2"
"1887816","0","2"
"1887819","0","1"
"1887825","0","2"
"1887826","0","2"
"1887827","0","2"
"1887829","0","2"
"1914537","0","2"
"1952690","0","1428756138405"
"1952692","0","1428756138406"
"1952692","1","1428756138407"
"1952697","0","1428756138407"
"1952697","1","1428756138408"
"1961598","0","1"
"1961598","1","2"
"1962043","0","2"
"1964600","0","1"
"1964600","1","2"
"1964600","2","3"
"1964600","3","4"
"1967319","0","1"
"1967340","0","2"
"1967345","0","1"
"1967345","1","2"
"1967351","0","2"
"1967354","0","2"
"1967357","0","1"
"1967357","1","2"
"1967361","0","4"
"1967367","0","1"
"1967367","1","2"
"1967368","0","1"
"1967373","0","3"
"1967373","1","4"
"1968481","0","1"
"1968496","0","1"
"1968496","1","2"
"1970968","0","1"
"1973848","0","1"
"1973848","1","2"
"1973878","0","1"
"1977040","0","1"
"1977040","1","2"
"1977099","0","1"
"1977099","1","2"
"1977102","0","1"
"1977102","1","2"
"1977103","0","2"
"1980721","0","2"
"1986617","0","2"
"2003256","0","1"
"2003256","1","2"
"2003276","0","1"
"2003276","1","2"
"2003284","0","1"
"2003284","1","2"
"2009546","0","1"
"2009546","1","2"
"2009546","2","4"
"2009546","3","3"
"2009570","0","1428756138402"
"2009581","0","1428756138403"
"2011349","0","1"
"2020550","0","1"
"2030033","0","1"
"2030034","0","1"
"2030034","1","2"
"2030036","0","2"
"2030036","1","1"
"2030039","0","1"
"2030039","1","2"
"2030040","0","1"
"2030042","0","1"
"2030042","1","2"
"2032385","0","2"
"2032385","1","3"
"2032386","0","1"
"2032393","0","1"
"2032394","0","2"
"2032395","0","1"
"2032398","0","2"
"2032399","0","1"
"2032399","1","2"
"2032403","0","1"
"2032403","1","2"
"2078741","0","1"
"2078741","1","6"
"1269231","0","1"
"2101260","0","2"
"2125191","0","1"
"2125191","1","2"
"2125191","2","3"
"2125191","3","4"
"2125191","4","5"
"2125191","5","6"
"2125191","6","7"
"2125191","7","8"
"2125192","0","1"
"2125192","1","2"
"2125192","2","3"
"2125192","3","10"
"2133930","0","6"
"2133935","0","2"
"2182087","0","1"
"2206307","0","2"
"2206315","0","2"
"2206699","0","1"
"2206699","1","2"
"2206702","0","2"
"2206706","0","1"
"2206706","1","2"
"2213920","0","1"
"2213961","0","1"
"2219614","0","2"
"2219616","0","1"
"2219616","1","2"
"2219650","0","1"
"2233641","0","1"
"2259005","0","3"
"2259008","0","1"
"2268891","0","2"
"2268891","1","3"
"2268891","2","4"
"2273391","0","2"
"2273391","1","3"
"2273391","2","4"
"2273391","3","5"
"2283930","0","2"
"2283930","1","3"
"2283930","2","4"
"2283930","3","5"
"2283930","4","6"
"2283930","5","7"
"2283930","6","8"
"2283936","0","2"
"2284553","0","2"
"2284553","1","3"
"2284553","2","4"
"2284553","3","5"
"2286072","0","2"
"2286072","1","5"
"2286267","0","2"
"2286267","1","5"
"2286272","0","1"
"2377100","0","1"
"2377103","0","2"
"2414014","0","1"
"2454573","0","2"
"2454573","1","5"
"2454573","2","6"
"2454573","3","7"
"2455046","0","2"
"2455046","1","3"
"2455046","2","4"
"2456738","0","2"
"2456738","1","4"
"2456738","2","5"
"2456738","3","6"
"2457505","0","1"
"2457505","1","2"
"2457505","2","3"
"2498303","0","1"
"2498303","1","2"
"2504180","0","1"
"2504184","0","2"
"2504194","0","2"
"2504196","0","1"
"2504196","1","2"
"2555827","0","1"
"2566294","0","2"
"2566294","1","1"
"2588389","0","1"
"2588398","0","2"
"2588405","0","2"
"2601669","0","2"
"2630264","0","1"
"2630286","0","2"
"2630286","1","3"
"2630286","2","4"
"2630286","3","5"
"2630286","4","6"
"2630294","0","1"
"2630294","1","2"
"2655664","0","1"
"2681095","0","4"
"1597208","0","2"
"1597208","1","3"
"1597208","2","4"
"1853914","0","5"
"1853914","1","6"
"1853931","0","1"
"1853931","1","3"
"1853931","2","4"
"1853933","0","2"
"1853933","1","4"
"1853933","2","5"
"1853934","0","2"
"1853934","1","3"
"1853934","2","4"
"1853934","3","5"
"1853965","0","2"
"1853965","1","4"
"1853965","2","5"
"2683113","0","1"
"2683113","1","2"
"2683115","0","2"
"2683115","1","3"
"2683115","2","4"
"2683117","0","2"
"2683117","1","4"
"2683117","2","5"
"2683118","0","2"
"2683118","1","3"
"2683118","2","4"
"2683118","3","5"
"2683146","0","1"
"2689413","0","2"
"2689413","1","3"
"2689413","2","4"
"2689413","3","5"
"2689414","0","2"
"2689414","1","3"
"2689414","2","4"
"2689414","3","5"
"2689417","0","2"
"2689417","1","3"
"2689417","2","5"
"2689417","3","6"
"2689420","0","2"
"2689420","1","3"
"2689420","2","4"
"2689425","0","2"
"2689425","1","4"
"2689425","2","5"
"2689433","0","2"
"2689433","1","3"
"2689433","2","4"
"2689433","3","5"
"2689460","0","2"
"2689460","1","4"
"2689460","2","5"
"2689462","0","1"
"2689462","1","4"
"2689471","0","2"
"2689471","1","3"
"2689471","2","4"
"2689471","3","5"
"2689476","0","1"
"2689476","1","2"
"2689476","2","3"
"2689480","0","1"
"2689480","1","2"
"2689484","0","1"
"2689484","1","2"
"2689484","2","3"
"2689488","0","1"
"2689488","1","2"
"2689488","2","3"
"2689500","0","2"
"2689500","1","3"
"2689500","2","4"
"2689500","3","5"
"2689509","0","1"
"2689509","1","3"
"2689511","0","2"
"2689511","1","5"
"2689511","2","6"
"2689515","0","2"
"2689515","1","3"
"2689515","2","4"
"2689515","3","5"
"2689520","0","2"
"2689520","1","4"
"2689520","2","5"
"2689521","0","2"
"2689521","1","4"
"2689521","2","5"
"2689521","3","6"
"2689524","0","1"
"2689524","1","2"
"2689524","2","3"
"2689537","0","3"
"2689537","1","6"
"2689537","2","7"
"2689546","0","2"
"2689546","1","5"
"2692838","0","2"
"2692838","1","4"
"2692891","0","1"
"2692891","1","2"
"2692891","2","3"
"2692891","3","4"
"2692894","0","6"
"2692894","1","3"
"2692898","0","2"
"2692898","1","4"
"2692898","2","6"
"2692919","0","2"
"2692919","1","4"
"2692919","2","5"
"2692919","3","6"
"2692956","0","1"
"2692956","1","2"
"2697392","0","1"
"2697392","1","2"
"2697392","2","3"
"2697392","3","4"
"2697421","0","2"
"2697421","1","4"
"2697421","2","5"
"2697421","3","6"
"2697461","0","2"
"2697461","1","5"
"2706478","0","2"
"2706478","1","3"
"2706478","2","4"
"2706535","0","2"
"2706535","1","5"
"2712963","0","1"
"2712981","0","1"
"2712988","0","1"
"2713095","0","1"
"2719005","0","2"
"2724946","0","2"
"2724946","1","3"
"2724946","2","4"
"2724946","3","5"
"2736563","0","2"
"2736563","1","4"
"2736563","2","5"
"2736563","3","6"
"2764759","0","1"
"2764759","1","2"
"2766096","0","1"
"2766096","1","2"
"2766111","0","1"
"2766127","0","1"
"2766141","0","1"
"2766141","1","2"
"2766195","0","1"
"2766195","1","2"
"2766259","0","1"
"2766264","0","1"
"2766264","1","2"
"2769526","0","1"
"2769526","1","2"
"2769543","0","1"
"2769543","1","2"
"2788228","0","2"
"2788228","1","3"
"2788228","2","4"
"2788228","3","5"
"2789647","0","1"
"2789648","0","1"
"2789648","1","2"
"2838545","0","1"
"2838546","0","1"
"2838546","1","2"
"2838568","0","1"
"2869921","0","2"
"2869922","0","2"
"2869926","0","2"
"2870037","0","1"
"2870037","1","2"
"2870038","0","1"
"2870038","1","2"
"2870039","0","1"
"2870039","1","2"
"2870040","0","1"
"2870251","0","2"
"2870251","1","4"
"2870251","2","5"
"2870251","3","6"
"2870280","0","1"
"2870284","0","1"
"2872164","0","1"
"2872164","1","2"
"2872165","0","1"
"2872166","0","1"
"2877099","0","1"
"2877100","0","1"
"2877102","0","2"
"2877104","0","1"
"2877104","1","2"
"2877221","0","1"
"2877221","1","2"
"2877221","2","3"
"2877221","3","4"
"2877221","4","4"
"2877225","0","2"
"2877225","1","6"
"2877225","2","7"
"2877241","0","1"
"2877231","0","1"
"2877231","1","2"
"2877231","2","3"
"2877231","3","4"
"2877231","4","5"
"2877249","0","1"
"2877243","0","2"
"2877255","0","1"
"2877267","0","1"
"2878602","0","1"
"2878602","1","2"
"2878602","2","3"
"2878602","3","4"
"2878602","4","4"
"2878608","0","2"
"2878608","1","6"
"2878608","2","7"
"2878616","0","1"
"2878616","1","2"
"2878616","2","3"
"2878616","3","4"
"2878616","4","5"
"2878628","0","1"
"2878630","0","2"
"2878643","0","1"
"2880007","0","1"
"2880035","0","2"
"2880154","0","2"
"2880226","0","2"
"2880240","0","1"
"2880341","0","1"
"2880417","0","1"
"2880427","0","2"
"2880429","0","1"
"2880434","0","2"
"2880437","0","1"
"2880438","0","2"
"2880439","0","2"
"2880445","0","2"
"2880447","0","2"
"2880448","0","2"
"2880450","0","2"
"2880452","0","2"
"2880453","0","2"
"2880454","0","2"
"2880456","0","2"
"2880462","0","2"
"2880463","0","2"
"2880467","0","2"
"2880478","0","1"
"2885878","0","1"
"2889335","0","2"
"2889335","1","4"
"2889335","2","5"
"2889335","3","6"
"2889336","0","2"
"2889336","1","3"
"2889336","2","4"
"2889353","0","2"
"2889353","1","3"
"2889353","2","4"
"2889358","0","2"
"2889358","1","3"
"2889358","2","5"
"2889358","3","5"
"2896397","0","2"
"2896397","1","4"
"2896397","2","5"
"2896397","3","6"
"2896414","0","1"
"2896414","1","3"
"2896414","2","4"
"2896414","3","5"
"2896974","0","1"
"2896974","1","3"
"2896974","2","4"
"2896974","3","5"
"2914481","0","1"
"2914481","1","2"
"2914489","0","4"
"2914495","0","1"
"2914509","0","1"
"2914518","0","1"
"2914522","0","9"
"2914546","0","2"
"2914549","0","2"
"2914550","0","2"
"2914561","0","1"
"2914576","0","3"
"2914667","0","1"
"2914742","0","1"
"2914742","1","3"
"2915633","0","1"
"2916191","0","2"
"2916191","1","3"
"2916191","2","4"
"2925400","0","2"
"2925400","1","4"
"2925400","2","5"
"2925400","3","6"
"2925403","0","3"
"2925410","0","3"
"2925487","0","2"
"2929832","0","1"
"2929832","1","2"
"2929832","2","3"
"2929832","3","4"
"2929833","0","2"
"2929833","1","5"
"2929833","2","6"
"2929833","3","7"
"2929833","4","8"
"2929840","0","1"
"2929843","0","2"
"2929843","1","4"
"2929843","2","5"
"2929843","3","6"
"2937952","0","5"
"2937963","0","1"
"2937963","1","2"
"2937963","2","3"
"2937963","3","4"
"2937963","4","5"
"2937982","0","1"
"2937982","1","2"
"2937982","2","3"
"2937982","3","4"
"2937982","4","5"
"2946071","0","1"
"2946092","0","1"
"2946092","1","2"
"2968535","0","1"
"2968570","0","1"
"2968579","0","1"
"2968636","0","6"
"2968646","0","1"
"2980710","0","1"
"2985416","0","2"
"2989338","0","1"
"2989338","1","2"
"2989339","0","3"
"2989343","0","1"
"2989348","0","6"
"2989374","0","1"
"2989393","0","1"
"2989393","1","2"
"2989407","0","1"
"2989407","1","2"
"2996634","0","1"
"2996637","0","1"
"2996643","0","1"
"2996650","0","5"
"2996656","0","1"
"2996656","1","2"
"2996661","0","1"
"2996663","0","1"
"3001493","0","1"
"3001502","0","1"
"3001504","0","1"
"3001504","1","2"
"3034414","0","1"
"3034414","1","6"
"3034425","0","1"
"3034436","0","1"
"3034475","0","1"
"3034475","1","2"
"3060018","0","1"
"3060018","1","2"
"3105471","0","1"
"3166166","0","1"
"3166173","0","4"
"3166175","0","1"
"3166188","0","1"
"3166188","1","2"
"3166191","0","1"
"3166198","0","1"
"3166199","0","1"
"3166199","1","2"
"3166205","0","1"
"3166205","1","2"
"3166208","0","1"
"3166208","1","2"
"3166222","0","1"
"3166222","1","2"
"3166226","0","1"
"3166230","0","1"
"3166230","1","2"
"3166232","0","1"
"3166232","1","2"
"3166257","0","1"
"3166260","0","1"
"3166262","0","1"
"3166268","0","1"
"3166268","1","2"
"3166272","0","1"
"3177741","0","1"
"3185855","0","1"
"3185861","0","2"
"3185863","0","2"
"3185870","0","3"
"3185886","0","1"
"3185887","0","1"
"3185887","1","2"
"3185891","0","1"
"3185892","0","1"
"3185892","1","2"
"3185897","0","2"
"3185897","1","3"
"3206298","0","1"
"3206298","1","2"
"3206308","0","1"
"3206308","1","2"
"3206321","0","1"
"3206323","0","1"
"3206323","1","2"
"3265160","0","1"
"3265162","0","1"
"3265164","0","1"
"3265164","1","2"
"3265640","0","1"
"3265652","0","1"
"3265926","0","1"
"3265926","1","2"
"3265927","0","1"
"3265930","0","1"
"3265963","0","1"
"3265963","1","2"
"3265965","0","1"
"3269204","0","1"
"3269212","0","1"
"3269240","0","1"
"3269240","1","2"
"3269243","0","1"
"3269257","0","1"
"3269257","1","2"
"3269261","0","1"
"3269266","0","1"
"3269266","1","2"
"3269273","0","1"
"3269273","1","2"
"3269288","0","1"
"3269444","0","1"
"3269445","0","1"
"3292478","0","1"
"3292478","1","2"
"3292478","2","3"
"3292478","3","4"
"3292478","4","5"
"3297012","0","1"
"3297012","1","2"
"3297012","2","3"
"3297012","3","4"
"3297012","4","5"
"3297012","5","6"
"3297031","0","1"
"3297031","1","2"
"3322247","0","1"
"3322247","1","2"
"3322250","0","1"
"3322251","0","1"
"3322251","1","2"
"3322253","0","1"
"3322256","0","1"
"3322256","1","2"
"3322257","0","1"
"3322257","1","2"
"3322260","0","1"
"3322261","0","2"
"3322389","0","1"
"3322391","0","1"
"3322391","1","2"
"3322393","0","2"
"3322396","0","1"
"3322396","1","2"
"3335277","0","1"
"3335277","1","2"
"3335278","0","1"
"3335279","0","1"
"3335281","0","1"
"3335281","1","2"
"3335294","0","1"
"3335294","1","2"
"3335299","0","1"
"3335300","0","1"
"3335300","1","2"
"3335775","0","1"
"3335779","0","2"
"3335785","0","1"
"3335785","1","2"
"3335790","0","1"
"3335803","0","1"
"3335803","1","2"
"3335811","0","5"
"3335821","0","1"
"3336156","0","1"
"3336178","0","1"
"3336178","1","2"
"3336183","0","1"
"3336184","0","1"
"3336184","1","2"
"3336212","0","1"
"3336212","1","2"
"3336213","0","1"
"3336213","1","2"
"3337736","0","5"
"3337738","0","4"
"3337738","1","5"
"3337742","0","1"
"3337742","1","2"
"3337742","2","3"
"3337742","3","4"
"3337742","4","5"
"3337742","5","6"
"3337742","6","7"
"3337742","7","8"
"3337742","8","9"
"3337745","0","1"
"3337745","1","2"
"3337745","2","3"
"3337745","3","4"
"3337745","4","5"
"3356503","0","1"
"3389969","0","1"
"3389971","0","1"
"3396972","0","2"
"3396979","0","2"
"3396984","0","1"
"3396984","1","2"
"3396984","2","3"
"3396984","3","4"
"3396984","4","5"
"3396984","5","6"
"3396986","0","5"
"3397001","0","1"
"3397001","1","2"
"3397001","2","3"
"3397001","3","4"
"3397001","4","5"
"3397001","5","6"
"3397001","6","7"
"3397001","7","8"
"3397012","0","1"
"3397019","0","1"
"3424108","0","1"
"3424109","0","1"
"3424110","0","1"
"3424110","1","2"
"3424113","0","1"
"3424113","1","2"
"3424119","0","1"
"3424119","1","2"
"3424122","0","1"
"3424122","1","2"
"3424123","0","1"
"3424124","0","1"
"3424124","1","2"
"3427762","0","1"
"3518604","0","1470162169283"
"3518606","0","1470162169283"
"3518605","0","1470162169283"
"3518609","0","1470162169283"
"3518610","0","1470162169283"
"3518610","1","1470162169284"
"3518614","0","1470162169285"
"3518615","0","1470162169285"
"3518628","0","1470162169287"
"3649019","0","1"
"3649019","1","2"
"3649039","0","1"
"3649039","1","2"
"7320079","0","2"
